,zipcode,Population,No_Married(%),Widowed(%),Divorced(%),Separated(%),Never_Married(%),No_Married,Widowed,Divorced,Separated,Never_Married,Number_Households,Precent_Distribution_Housesholds,Median_Income_Households
0,83501,28808,52.0,6.7,13.5,1.1,26.7,1498016.0,193013.6,388908.0,31688.8,769173.6,14476,14476,52285
1,83822,1625,52.1,8.2,14.2,2.0,23.5,84662.5,13325.0,23075.0,3250.0,38187.5,799,799,45293
2,83824,249,39.0,9.6,15.7,3.6,32.1,9711.0,2390.4,3909.3,896.4,7992.9,99,99,32292
3,83832,1196,66.9,2.6,9.4,0.2,21.0,80012.4,3109.6,11242.4,239.2,25116.0,590,590,64375
4,83851,1339,48.8,9.0,16.5,2.8,22.9,65343.2,12051.0,22093.5,3749.2,30663.1,649,649,37216
5,83855,1625,56.5,7.6,10.6,1.2,24.2,91812.5,12350.0,17225.0,1950.0,39325.0,867,867,49177
6,83870,268,35.4,11.2,14.6,1.5,37.3,9487.2,3001.6,3912.8,402.0,9996.4,120,120,40536
7,83872,528,72.3,4.5,7.6,0.0,15.5,38174.4,2376.0,4012.8,0.0,8184.0,259,259,99886
8,97031,15231,51.4,5.8,10.4,1.2,31.3,782873.4,88339.8,158402.4,18277.2,476730.3,7227,7227,57655
9,97828,2610,56.6,10.5,13.7,1.5,17.6,147726.0,27405.0,35757.0,3915.0,45936.0,1417,1417,47694
10,97835,248,64.9,2.4,12.1,0.0,20.6,16095.2,595.2,3000.8,0.0,5108.8,119,119,48854
11,97862,8836,51.6,6.3,14.4,1.1,26.6,455937.6,55666.8,127238.4,9719.6,235037.6,4238,4238,46297
12,98001,26042,52.6,3.9,11.2,1.2,31.1,1369809.2,101563.8,291670.4,31250.4,809906.2,11097,11097,77083
13,98002,26350,43.0,6.3,15.7,2.1,32.9,1133050.0,166005.0,413695.0,55335.0,866915.0,13111,13111,51086
14,98003,38961,41.0,6.5,12.9,1.8,37.9,1597401.0,253246.5,502596.9,70129.8,1476621.9,18279,18279,53023
15,98004,29162,57.5,4.2,8.6,0.9,28.8,1676815.0,122480.4,250793.2,26245.8,839865.6,16006,16006,117321
16,98005,15603,59.2,3.6,10.6,0.9,25.7,923697.6,56170.8,165391.8,14042.7,400997.1,7761,7761,101134
17,98006,30302,63.4,4.2,7.8,0.8,23.8,1921146.8,127268.4,236355.6,24241.6,721187.6,13356,13356,126601
18,98007,23206,53.7,3.7,7.3,1.5,33.6,1246162.2,85862.2,169403.8,34809.0,779721.6,10974,10974,87207
19,98008,20122,61.3,6.9,7.2,0.5,24.1,1233478.6,138841.8,144878.4,10061.0,484940.2,9075,9075,95783
20,98010,4189,60.4,2.1,11.5,0.8,25.1,253015.6,8796.9,48173.5,3351.2,105143.9,1961,1961,90233
21,98011,26514,53.4,5.1,12.0,1.3,28.2,1415847.6,135221.4,318168.0,34468.2,747694.8,13183,13183,86490
22,98012,48422,60.8,3.1,10.1,1.0,25.0,2944057.6,150108.2,489062.2,48422.0,1210550.0,22394,22394,93267
23,98014,6018,61.3,2.8,10.7,1.2,24.0,368903.4,16850.4,64392.6,7221.6,144432.0,2762,2762,99769
24,98019,9355,62.4,2.7,7.7,0.6,26.5,583752.0,25258.5,72033.5,5613.0,247907.5,4175,4175,120371
25,98020,17458,53.1,7.5,13.0,0.6,25.8,927019.8,130935.0,226954.0,10474.8,450416.4,8650,8650,89775
26,98021,24307,63.1,4.6,8.3,1.1,22.8,1533771.7,111812.2,201748.1,26737.7,554199.6,10684,10684,110346
27,98022,17769,53.0,6.2,14.0,1.3,25.5,941757.0,110167.8,248766.0,23099.7,453109.5,8520,8520,65296
28,98023,40570,52.8,3.9,9.8,2.5,31.1,2142096.0,158223.0,397586.0,101425.0,1261727.0,17803,17803,75824
29,98024,4940,68.3,1.4,10.3,0.7,19.3,337402.0,6916.0,50882.0,3458.0,95342.0,2153,2153,129053
30,98026,30823,53.5,4.7,10.3,1.4,30.1,1649030.5,144868.1,317476.9,43152.2,927772.3,14287,14287,83965
31,98027,23751,60.1,3.6,11.2,0.6,24.4,1427435.1,85503.6,266011.2,14250.6,579524.4,11304,11304,108565
32,98028,17823,60.2,3.3,10.3,0.8,25.4,1072944.6,58815.9,183576.9,14258.4,452704.2,8644,8644,96277
33,98029,20883,64.5,4.6,10.1,0.8,19.9,1346953.5,96061.8,210918.3,16706.4,415571.7,10786,10786,112833
34,98030,28851,47.9,5.0,8.1,1.3,37.7,1381962.9,144255.0,233693.1,37506.3,1087682.7,11967,11967,58666
35,98031,30602,51.1,4.2,9.5,1.9,33.4,1563762.2,128528.4,290719.0,58143.8,1022106.8,12554,12554,73688
36,98032,29635,39.4,4.7,12.8,2.1,40.9,1167619.0,139284.5,379328.0,62233.5,1212071.5,13752,13752,51696
37,98033,31664,57.7,3.5,11.0,1.6,26.2,1827012.8,110824.0,348304.0,50662.4,829596.8,16133,16133,117653
38,98034,35391,56.7,3.6,11.0,0.9,27.8,2006669.7,127407.6,389301.0,31851.9,983869.8,17481,17481,93520
39,98036,32052,52.4,4.7,10.6,1.7,30.6,1679524.8,150644.4,339751.2,54488.4,980791.2,14437,14437,72573
40,98037,23033,49.1,4.7,11.5,0.9,33.8,1130920.3,108255.1,264879.5,20729.7,778515.4,10514,10514,68715
41,98038,26463,62.0,3.7,10.8,0.8,22.7,1640706.0,97913.1,285800.4,21170.4,600710.1,12190,12190,99098
42,98039,2490,74.7,4.2,5.8,0.3,15.1,186003.0,10458.0,14442.0,747.0,37599.0,1175,1175,186484
43,98040,19841,63.9,6.5,8.3,0.7,20.7,1267839.9,128966.5,164680.3,13888.7,410708.7,9867,9867,136644
44,98042,38158,57.9,4.0,9.7,0.9,27.5,2209348.2,152632.0,370132.6,34342.2,1049345.0,16408,16408,94770
45,98043,17108,48.4,4.6,14.5,1.6,30.9,828027.2,78696.8,248066.0,27372.8,528637.2,8216,8216,69727
46,98045,11297,65.5,1.9,9.6,1.1,21.8,739953.5,21464.3,108451.2,12426.7,246274.6,5254,5254,101078
47,98047,5304,50.6,4.3,10.6,1.5,33.0,268382.4,22807.2,56222.4,7956.0,175032.0,2367,2367,54022
48,98050,461,76.4,0.0,0.0,0.0,23.6,35220.4,0.0,0.0,0.0,10879.6,179,179,134880
49,98051,3138,64.6,2.8,5.4,2.0,25.2,202714.8,8786.4,16945.2,6276.0,79077.6,1382,1382,87283
50,98052,52217,62.7,2.7,7.7,0.7,26.2,3274005.9,140985.9,402070.9,36551.9,1368085.4,26051,26051,117303
51,98053,17051,70.4,4.9,7.5,0.8,16.4,1200390.4,83549.9,127882.5,13640.8,279636.4,8184,8184,123548
52,98055,19382,48.0,5.9,11.0,2.3,32.8,930336.0,114353.8,213202.0,44578.6,635729.6,9256,9256,68638
53,98056,29488,46.6,3.3,11.6,2.6,36.0,1374140.8,97310.4,342060.8,76668.8,1061568.0,13964,13964,78525
54,98057,10785,33.5,5.0,16.1,3.7,41.7,361297.5,53925.0,173638.5,39904.5,449734.5,5937,5937,44291
55,98058,34455,57.5,4.8,10.1,0.9,26.8,1981162.5,165384.0,347995.5,31009.5,923394.0,15758,15758,85717
56,98059,29797,59.9,3.4,8.9,1.0,26.9,1784840.3,101309.8,265193.3,29797.0,801539.3,13423,13423,97407
57,98065,10604,74.7,1.1,7.4,0.1,16.7,792118.8,11664.4,78469.6,1060.4,177086.8,4951,4951,133481
58,98068,284,52.1,3.9,8.5,1.1,34.5,14796.4,1107.6,2414.0,312.4,9798.0,114,114,102500
59,98070,8316,56.0,7.3,14.0,1.7,21.0,465696.0,60706.8,116424.0,14137.2,174636.0,4407,4407,77724
60,98072,18815,59.1,4.2,9.7,0.8,26.2,1111966.5,79023.0,182505.5,15052.0,492953.0,8839,8839,110302
61,98074,20547,73.6,2.3,3.5,0.2,20.4,1512259.2,47258.1,71914.5,4109.4,419158.8,9067,9067,160618
62,98075,18074,74.0,2.0,5.7,0.5,17.9,1337476.0,36148.0,103021.8,9037.0,323524.6,7740,7740,163409
63,98077,11663,67.6,2.0,5.3,0.2,24.9,788418.8,23326.0,61813.9,2332.6,290408.7,4795,4795,144193
64,98087,30277,47.7,2.7,13.7,1.8,34.1,1444212.9,81747.9,414794.9,54498.6,1032445.7,13607,13607,73739
65,98092,35500,52.8,3.4,10.4,1.5,31.8,1874400.0,120700.0,369200.0,53250.0,1128900.0,15985,15985,81211
66,98101,12098,33.1,5.7,10.4,1.4,49.4,400443.8,68958.6,125819.2,16937.2,597641.2,8390,8390,68750
67,98102,23121,29.4,2.0,8.9,1.5,58.3,679757.4,46242.0,205776.9,34681.5,1347954.3,15058,15058,83403
68,98103,45301,38.9,2.5,9.3,0.6,48.8,1762208.9,113252.5,421299.3,27180.6,2210688.8,24189,24189,91740
69,98104,13784,26.1,6.0,12.8,1.4,53.7,359762.4,82704.0,176435.2,19297.6,740200.8,8004,8004,37610
70,98105,42941,26.0,1.4,4.7,0.6,67.4,1116466.0,60117.4,201822.7,25764.6,2894223.4,16007,16007,56015
71,98106,21090,41.3,4.8,13.9,2.3,37.7,871017.0,101232.0,293151.0,48507.0,795093.0,10781,10781,62726
72,98107,21960,37.9,3.1,11.6,0.3,47.2,832284.0,68076.0,254736.0,6588.0,1036512.0,12906,12906,83581
73,98108,19355,44.6,5.5,9.6,1.8,38.4,863233.0,106452.5,185808.0,34839.0,743232.0,8639,8639,55314
74,98109,24984,36.1,2.7,8.9,0.6,51.7,901922.4,67456.8,222357.6,14990.4,1291672.8,15090,15090,95719
75,98110,18942,64.4,4.4,11.6,0.5,19.0,1219864.8,83344.8,219727.2,9471.0,359898.0,9679,9679,109341
76,98112,21337,46.8,2.9,9.0,1.1,40.2,998571.6,61877.3,192033.0,23470.7,857747.4,11264,11264,110051
77,98115,42749,49.3,3.2,8.9,0.5,38.1,2107525.7,136796.8,380466.1,21374.5,1628736.9,21844,21844,100794
78,98116,21886,50.8,4.0,13.6,1.7,29.9,1111808.8,87544.0,297649.6,37206.2,654391.4,12161,12161,100711
79,98117,27628,55.5,3.9,9.2,1.0,30.4,1533354.0,107749.2,254177.6,27628.0,839891.2,14448,14448,102519
80,98118,38377,44.0,5.1,10.8,2.4,37.7,1688588.0,195722.7,414471.6,92104.8,1446812.9,16693,16693,62504
81,98119,22310,39.0,2.6,9.0,1.2,48.2,870090.0,58006.0,200790.0,26772.0,1075342.0,12148,12148,85171
82,98121,15926,33.1,1.1,11.6,1.0,53.3,527150.6,17518.6,184741.6,15926.0,848855.8,11339,11339,94813
83,98122,33749,28.2,2.2,8.6,1.6,59.5,951721.8,74247.8,290241.4,53998.4,2008065.5,17930,17930,72018
84,98125,34579,44.7,5.8,10.6,1.5,37.5,1545681.3,200558.2,366537.4,51868.5,1296712.5,18649,18649,61014
85,98126,18800,48.9,5.0,13.3,1.7,31.0,919320.0,94000.0,250040.0,31960.0,582800.0,10062,10062,73698
86,98133,42048,43.4,6.2,13.6,1.3,35.5,1824883.2,260697.6,571852.8,54662.4,1492704.0,21642,21642,60409
87,98134,827,9.7,8.8,12.9,1.0,67.6,8021.9,7277.6,10668.3,827.0,55905.2,207,207,58125
88,98136,13878,52.2,4.0,13.2,0.8,29.8,724431.6,55512.0,183189.6,11102.4,413564.4,7461,7461,97673
89,98144,26303,39.1,4.5,11.8,1.9,42.7,1028447.3,118363.5,310375.4,49975.7,1123138.1,13021,13021,71628
90,98146,22249,47.7,3.6,10.8,2.4,35.4,1061277.3,80096.4,240289.2,53397.6,787614.6,9908,9908,61160
91,98148,9004,45.9,6.1,11.7,2.4,33.9,413283.6,54924.4,105346.8,21609.6,305235.6,4463,4463,53342
92,98154,0,0.0,0.0,0.0,0.0,0.0,0.0,0.0,0.0,0.0,0.0,0,0,0
93,98155,28647,53.4,5.2,10.6,1.6,29.2,1529749.8,148964.4,303658.2,45835.2,836492.4,13377,13377,81405
94,98158,0,0.0,0.0,0.0,0.0,0.0,0.0,0.0,0.0,0.0,0.0,0,0,0
95,98164,127,64.6,0.0,23.6,0.0,11.8,8204.2,0.0,2997.2,0.0,1498.6,85,85,250000
96,98166,17629,51.3,5.2,12.7,1.3,29.4,904367.7,91670.8,223888.3,22917.7,518292.6,8472,8472,76658
97,98168,25472,46.1,5.2,10.7,2.3,35.6,1174259.2,132454.4,272550.4,58585.6,906803.2,11236,11236,53992
98,98174,0,0.0,0.0,0.0,0.0,0.0,0.0,0.0,0.0,0.0,0.0,0,0,0
99,98177,17277,55.2,6.3,10.7,0.9,26.8,953690.4,108845.1,184863.9,15549.3,463023.6,8312,8312,100036
100,98178,21778,43.1,6.1,10.8,2.5,37.5,938631.8,132845.8,235202.4,54445.0,816675.0,9500,9500,72478
101,98188,21009,43.5,5.6,10.4,3.0,37.4,913891.5,117650.4,218493.6,63027.0,785736.6,9517,9517,50231
102,98195,52,0.0,21.2,0.0,0.0,78.8,0.0,1102.4,0.0,0.0,4097.6,0,0,0
103,98198,30687,45.8,6.3,12.3,2.1,33.5,1405464.6,193328.1,377450.1,64442.7,1028014.5,13549,13549,59843
104,98199,17925,56.6,3.7,8.5,0.7,30.4,1014555.0,66322.5,152362.5,12547.5,544920.0,9518,9518,103309
105,98201,24634,36.5,5.6,19.6,2.0,36.4,899141.0,137950.4,482826.4,49268.0,896677.6,12735,12735,47796
106,98203,28691,47.5,4.5,14.7,2.0,31.2,1362822.5,129109.5,421757.7,57382.0,895159.2,13372,13372,66950
107,98204,32267,38.5,4.8,16.7,2.7,37.3,1242279.5,154881.6,538858.9,87120.9,1203559.1,16484,16484,48881
108,98205,10502,60.4,2.6,11.3,1.2,24.5,634320.8,27305.2,118672.6,12602.4,257299.0,4787,4787,85300
109,98207,1400,15.4,0.0,2.4,0.1,82.1,21560.0,0.0,3360.0,140.0,114940.0,0,0,0
110,98208,47113,51.1,3.7,12.0,1.8,31.3,2407474.3,174318.1,565356.0,84803.4,1474636.9,20261,20261,82957
111,98220,509,27.5,0.0,0.0,21.0,51.5,13997.5,0.0,0.0,10689.0,26213.5,220,220,51250
112,98221,18079,59.9,7.1,12.6,1.5,19.0,1082932.1,128360.9,227795.4,27118.5,343501.0,9379,9379,65026
113,98222,56,82.1,10.7,3.6,0.0,3.6,4597.6,599.2,201.6,0.0,201.6,34,34,0
114,98223,34415,58.0,5.3,11.4,1.1,24.1,1996070.0,182399.5,392331.0,37856.5,829401.5,15718,15718,76555
115,98224,235,37.0,8.1,31.1,1.3,22.6,8695.0,1903.5,7308.5,305.5,5311.0,137,137,33958
116,98225,45308,30.8,3.7,9.9,1.2,54.5,1395486.4,167639.6,448549.2,54369.6,2469286.0,20589,20589,41536
117,98226,34313,49.8,5.4,11.6,1.4,31.8,1708787.4,185290.2,398030.8,48038.2,1091153.4,16588,16588,61658
118,98229,26305,50.3,3.9,10.4,2.1,33.3,1323141.5,102589.5,273572.0,55240.5,875956.5,12676,12676,60197
119,98230,13718,59.3,5.0,13.3,2.0,20.4,813477.4,68590.0,182449.4,27436.0,279847.2,7095,7095,64164
120,98232,3672,67.7,2.0,15.0,0.1,15.2,248594.4,7344.0,55080.0,367.2,55814.4,1805,1805,71875
121,98233,12145,52.2,6.2,13.0,2.0,26.7,633969.0,75299.0,157885.0,24290.0,324271.5,6124,6124,56875
122,98235,77,61.0,6.5,16.9,15.6,0.0,4697.0,500.5,1301.3,1201.2,0.0,60,60,23125
123,98236,5291,62.2,6.4,11.7,0.3,19.4,329100.2,33862.4,61904.7,1587.3,102645.4,2671,2671,67594
124,98237,3584,48.6,6.8,18.1,1.3,25.3,174182.4,24371.2,64870.4,4659.2,90675.2,1681,1681,52235
125,98238,11,100.0,0.0,0.0,0.0,0.0,1100.0,0.0,0.0,0.0,0.0,5,5,0
126,98239,6227,65.2,7.0,12.4,1.4,14.0,406000.4,43589.0,77214.8,8717.8,87178.0,3296,3296,64412
127,98240,2439,65.0,2.9,11.1,1.9,19.1,158535.0,7073.1,27072.9,4634.1,46584.9,1098,1098,67989
128,98241,1740,41.5,4.3,20.1,4.1,30.0,72210.0,7482.0,34974.0,7134.0,52200.0,870,870,46591
129,98243,491,76.0,2.9,6.3,2.6,12.2,37316.0,1423.9,3093.3,1276.6,5990.2,248,248,97885
130,98244,2449,48.1,3.7,15.6,0.9,31.8,117796.9,9061.3,38204.4,2204.1,77878.2,1167,1167,60464
131,98245,3357,51.1,5.9,17.8,2.0,23.3,171542.7,19806.3,59754.6,6714.0,78218.1,1850,1850,48396
132,98247,7970,58.5,3.3,9.1,2.7,26.4,466245.0,26301.0,72527.0,21519.0,210408.0,3368,3368,58036
133,98248,19291,56.4,3.9,11.4,1.1,27.2,1088012.4,75234.9,219917.4,21220.1,524715.2,8853,8853,65514
134,98249,3714,59.2,7.8,13.4,1.8,17.9,219868.8,28969.2,49767.6,6685.2,66480.6,1977,1977,59935
135,98250,6887,57.2,5.6,14.8,1.1,21.2,393936.4,38567.2,101927.6,7575.7,146004.4,3592,3592,64601
136,98251,3450,54.6,4.4,11.1,2.8,27.0,188370.0,15180.0,38295.0,9660.0,93150.0,1780,1780,70156
137,98252,7974,55.5,5.1,13.5,2.7,23.3,442557.0,40667.4,107649.0,21529.8,185794.2,3740,3740,78000
138,98253,1409,64.0,10.4,10.3,0.0,15.3,90176.0,14653.6,14512.7,0.0,21557.7,804,804,60132
139,98255,110,37.3,6.4,29.1,0.0,27.3,4103.0,704.0,3201.0,0.0,3003.0,61,61,31750
140,98256,339,49.6,2.1,16.2,0.6,31.6,16814.4,711.9,5491.8,203.4,10712.4,172,172,56667
141,98257,3484,53.6,9.2,14.7,1.1,21.3,186742.4,32052.8,51214.8,3832.4,74209.2,1761,1761,58750
142,98258,25547,55.6,2.8,14.0,1.1,26.6,1420413.2,71531.6,357658.0,28101.7,679550.2,11236,11236,86012
143,98260,4964,64.2,7.1,12.6,1.7,14.5,318688.8,35244.4,62546.4,8438.8,71978.0,2663,2663,63613
144,98261,2306,65.1,5.1,11.2,1.0,17.6,150120.6,11760.6,25827.2,2306.0,40585.6,1258,1258,59643
145,98262,836,48.1,7.1,24.4,0.0,20.5,40211.6,5935.6,20398.4,0.0,17138.0,452,452,60192
146,98263,78,44.9,7.7,7.7,0.0,39.7,3502.2,600.6,600.6,0.0,3096.6,36,36,83500
147,98264,15948,61.8,5.5,10.3,0.5,21.9,985586.4,87714.0,164264.4,7974.0,349261.2,7351,7351,62810
148,98266,3130,43.1,4.8,13.5,2.6,36.1,134903.0,15024.0,42255.0,8138.0,112993.0,1488,1488,38382
149,98267,395,40.5,15.9,12.2,1.8,29.6,15997.5,6280.5,4819.0,711.0,11692.0,211,211,12034
150,98270,39762,51.4,6.0,13.1,1.2,28.3,2043766.8,238572.0,520882.2,47714.4,1125264.6,17652,17652,73803
151,98271,22618,55.0,4.9,12.7,1.1,26.2,1243990.0,110828.2,287248.6,24879.8,592591.6,10497,10497,72732
152,98272,24819,50.3,3.6,11.7,1.4,32.9,1248395.7,89348.4,290382.3,34746.6,816545.1,9479,9479,85029
153,98273,23754,51.4,4.1,13.2,1.5,29.9,1220955.6,97391.4,313552.8,35631.0,710244.6,10886,10886,53439
154,98274,14104,58.3,6.1,12.5,1.4,21.7,822263.2,86034.4,176300.0,19745.6,306056.8,6690,6690,65495
155,98275,17364,57.5,3.9,12.4,0.5,25.7,998430.0,67719.6,215313.6,8682.0,446254.8,8165,8165,100450
156,98276,394,64.7,2.5,8.4,0.8,23.6,25491.8,985.0,3309.6,315.2,9298.4,170,170,75000
157,98277,30305,59.4,5.2,10.9,1.6,22.9,1800117.0,157586.0,330324.5,48488.0,693984.5,15859,15859,54690
158,98278,1796,6.6,0.0,0.0,0.0,93.4,11853.6,0.0,0.0,0.0,167746.4,0,0,0
159,98279,586,60.4,8.9,10.4,0.7,19.6,35394.4,5215.4,6094.4,410.2,11485.6,315,315,52212
160,98280,431,59.2,5.3,17.4,0.5,17.6,25515.2,2284.3,7499.4,215.5,7585.6,240,240,62083
161,98281,1165,53.2,7.4,11.6,2.2,25.6,61978.0,8621.0,13514.0,2563.0,29824.0,681,681,46298
162,98282,13944,63.8,5.3,11.3,1.0,18.5,889627.2,73903.2,157567.2,13944.0,257964.0,6757,6757,74221
163,98283,252,59.1,3.2,16.7,0.8,20.2,14893.2,806.4,4208.4,201.6,5090.4,140,140,0
164,98284,21087,50.3,4.3,13.9,1.5,29.9,1060676.1,90674.1,293109.3,31630.5,630501.3,9219,9219,57089
165,98286,160,56.3,9.4,12.5,0.0,21.9,9008.0,1504.0,2000.0,0.0,3504.0,88,88,63750
166,98288,143,29.4,9.8,33.6,2.1,25.2,4204.2,1401.4,4804.8,300.3,3603.6,93,93,38906
167,98290,27359,58.0,4.9,13.0,1.3,22.8,1586822.0,134059.1,355667.0,35566.7,623785.2,12285,12285,86696
168,98292,18124,60.1,5.8,10.5,1.4,22.2,1089252.4,105119.2,190302.0,25373.6,402352.8,8354,8354,77163
169,98294,5879,48.0,5.2,11.2,0.7,34.9,282192.0,30570.8,65844.8,4115.3,205177.1,2735,2735,63370
170,98295,1923,58.3,4.1,13.2,0.5,23.9,112110.9,7884.3,25383.6,961.5,45959.7,906,906,52381
171,98296,23486,61.5,3.5,9.2,1.3,24.5,1444389.0,82201.0,216071.2,30531.8,575407.0,9940,9940,119044
172,98297,51,86.3,0.0,0.0,0.0,13.7,4401.3,0.0,0.0,0.0,698.7,28,28,34000
173,98303,1292,65.4,5.7,9.9,2.0,17.0,84496.8,7364.4,12790.8,2584.0,21964.0,670,670,65938
174,98304,624,54.8,7.2,14.7,0.0,23.2,34195.2,4492.8,9172.8,0.0,14476.8,313,313,53250
175,98305,280,41.8,15.0,14.3,0.0,28.9,11704.0,4200.0,4004.0,0.0,8092.0,151,151,0
176,98310,17585,42.5,7.7,16.6,0.8,32.4,747362.5,135404.5,291911.0,14068.0,569754.0,8906,8906,53029
177,98311,22825,53.7,4.8,10.0,1.8,29.6,1225702.5,109560.0,228250.0,41085.0,675620.0,10164,10164,72840
178,98312,25177,52.5,4.3,14.7,2.5,26.0,1321792.5,108261.1,370101.9,62942.5,654602.0,12835,12835,60315
179,98314,2228,2.4,0.0,2.2,0.0,95.4,5347.2,0.0,4901.6,0.0,212551.2,13,13,218750
180,98315,4851,48.5,0.0,1.1,0.4,49.9,235273.5,0.0,5336.1,1940.4,242064.9,1269,1269,52153
181,98320,1045,49.4,12.8,18.1,2.1,17.6,51623.0,13376.0,18914.5,2194.5,18392.0,540,540,45357
182,98321,12451,53.0,4.5,13.2,1.6,27.7,659903.0,56029.5,164353.2,19921.6,344892.7,5381,5381,80077
183,98323,601,54.9,5.0,9.7,0.7,29.8,32994.9,3005.0,5829.7,420.7,17909.8,263,263,71354
184,98325,1312,71.0,0.0,10.7,0.7,17.6,93152.0,0.0,14038.4,918.4,23091.2,624,624,54697
185,98326,603,28.9,3.3,20.6,2.8,44.4,17426.7,1989.9,12421.8,1688.4,26773.2,275,275,36950
186,98327,6612,67.3,3.9,9.6,0.8,18.3,444987.6,25786.8,63475.2,5289.6,120999.6,3405,3405,78326
187,98328,7830,60.7,6.2,9.7,0.6,22.9,475281.0,48546.0,75951.0,4698.0,179307.0,3810,3810,62768
188,98329,9121,58.4,4.0,13.4,1.8,22.4,532666.4,36484.0,122221.4,16417.8,204310.4,3857,3857,79253
189,98330,100,0.0,0.0,53.0,14.0,33.0,0.0,0.0,5300.0,1400.0,3300.0,67,67,0
190,98331,5384,42.2,6.3,15.0,2.4,34.0,227204.8,33919.2,80760.0,12921.6,183056.0,2542,2542,38359
191,98332,14599,60.9,7.0,10.0,1.1,21.1,889079.1,102193.0,145990.0,16058.9,308038.9,6445,6445,97618
192,98333,3202,64.8,4.5,9.9,0.7,20.0,207489.6,14409.0,31699.8,2241.4,64040.0,1426,1426,93043
193,98335,20505,60.0,5.7,10.9,1.0,22.4,1230300.0,116878.5,223504.5,20505.0,459312.0,9749,9749,87522
194,98336,736,50.5,7.3,19.4,7.6,15.1,37168.0,5372.8,14278.4,5593.6,11113.6,397,397,39315
195,98337,6121,31.1,3.2,17.5,3.1,45.1,190363.1,19587.2,107117.5,18975.1,276057.1,3225,3225,38945
196,98338,21239,57.7,4.9,12.0,1.5,23.9,1225490.3,104071.1,254868.0,31858.5,507612.1,9380,9380,73715
197,98339,2818,56.0,4.2,20.3,1.1,18.5,157808.0,11835.6,57205.4,3099.8,52133.0,1414,1414,47250
198,98340,2460,62.4,7.7,14.2,1.8,14.0,153504.0,18942.0,34932.0,4428.0,34440.0,1349,1349,57271
199,98342,1194,58.7,4.9,14.8,1.8,19.8,70087.8,5850.6,17671.2,2149.2,23641.2,589,589,72125
200,98345,359,76.9,2.2,6.7,0.0,14.2,27607.1,789.8,2405.3,0.0,5097.8,198,198,60714
201,98346,8546,58.7,3.7,11.0,1.6,25.1,501650.2,31620.2,94006.0,13673.6,214504.6,3886,3886,79577
202,98349,3591,57.2,3.3,19.3,0.0,20.1,205405.2,11850.3,69306.3,0.0,72179.1,1811,1811,56265
203,98350,298,37.9,5.7,12.8,4.7,38.9,11294.2,1698.6,3814.4,1400.6,11592.2,130,130,36250
204,98351,681,70.6,4.3,7.2,0.0,17.9,48078.6,2928.3,4903.2,0.0,12189.9,387,387,52250
205,98353,35,100.0,0.0,0.0,0.0,0.0,3500.0,0.0,0.0,0.0,0.0,17,17,0
206,98354,6033,46.3,9.1,15.1,0.5,29.0,279327.9,54900.3,91098.3,3016.5,174957.0,2904,2904,71760
207,98355,712,43.4,13.3,34.8,0.0,8.4,30900.8,9469.6,24777.6,0.0,5980.8,379,379,26921
208,98356,1867,57.4,8.1,13.3,1.7,19.6,107165.8,15122.7,24831.1,3173.9,36593.2,939,939,38860
209,98357,1138,36.5,6.3,14.0,3.3,40.0,41537.0,7169.4,15932.0,3755.4,45520.0,496,496,37857
210,98358,817,63.8,6.5,12.6,0.9,16.3,52124.6,5310.5,10294.2,735.3,13317.1,453,453,64159
211,98359,3960,54.5,5.5,10.2,0.6,29.2,215820.0,21780.0,40392.0,2376.0,115632.0,1720,1720,76364
212,98360,10284,57.2,4.3,13.8,1.7,23.0,588244.8,44221.2,141919.2,17482.8,236532.0,4503,4503,81921
213,98361,674,45.1,2.8,27.7,1.6,22.7,30397.4,1887.2,18669.8,1078.4,15299.8,406,406,35313
214,98362,19955,48.0,7.6,15.3,0.9,28.2,957840.0,151658.0,305311.5,17959.5,562731.0,10220,10220,46872
215,98363,11514,50.2,5.9,14.9,1.3,27.9,578002.8,67932.6,171558.6,14968.2,321240.6,5614,5614,54059
216,98364,73,67.1,0.0,32.9,0.0,0.0,4898.3,0.0,2401.7,0.0,0.0,49,49,0
217,98365,4573,68.2,7.9,12.3,0.5,11.2,311878.6,36126.7,56247.9,2286.5,51217.6,2361,2361,55515
218,98366,26938,51.8,6.6,11.3,1.5,28.8,1395388.4,177790.8,304399.4,40407.0,775814.4,12581,12581,60109
219,98367,24338,56.2,5.0,10.8,1.8,26.1,1367795.6,121690.0,262850.4,43808.4,635221.8,10568,10568,77114
220,98368,13640,52.4,7.6,18.0,0.7,21.3,714736.0,103664.0,245520.0,9548.0,290532.0,7175,7175,52410
221,98370,25130,59.9,5.2,11.8,1.0,22.2,1505287.0,130676.0,296534.0,25130.0,557886.0,11972,11972,76055
222,98371,17382,50.5,7.2,13.8,1.7,26.8,877791.0,125150.4,239871.6,29549.4,465837.6,8258,8258,66423
223,98372,20609,50.3,4.9,14.9,1.5,28.5,1036632.7,100984.1,307074.1,30913.5,587356.5,9527,9527,69865
224,98373,18626,50.4,3.4,13.2,1.6,31.4,938750.4,63328.4,245863.2,29801.6,584856.4,8632,8632,68333
225,98374,30802,54.5,5.5,10.6,1.2,28.2,1678709.0,169411.0,326501.2,36962.4,868616.4,13686,13686,78936
226,98375,22741,57.6,3.7,10.0,1.6,27.0,1309881.6,84141.7,227410.0,36385.6,614007.0,9799,9799,78176
227,98376,1592,57.7,6.7,13.6,3.9,18.2,91858.4,10666.4,21651.2,6208.8,28974.4,862,862,49032
228,98377,1631,56.8,8.6,14.8,2.4,17.5,92640.8,14026.6,24138.8,3914.4,28542.5,817,817,41984
229,98380,3587,61.8,4.9,11.1,3.4,18.8,221676.6,17576.3,39815.7,12195.8,67435.6,1790,1790,83783
230,98381,296,70.3,3.7,8.4,2.0,15.5,20808.8,1095.2,2486.4,592.0,4588.0,167,167,0
231,98382,24964,53.8,9.1,16.1,1.3,19.7,1343063.2,227172.4,401920.4,32453.2,491790.8,13159,13159,48660
232,98383,17356,53.6,6.3,9.2,2.3,28.6,930281.6,109342.8,159675.2,39918.8,496381.6,8375,8375,73385
233,98385,251,41.8,13.9,13.9,2.8,27.5,10491.8,3488.9,3488.9,702.8,6902.5,118,118,60000
234,98387,36189,53.3,4.7,10.4,1.9,29.7,1928873.7,170088.3,376365.6,68759.1,1074813.3,15611,15611,65985
235,98388,5530,53.1,3.7,16.3,0.3,26.7,293643.0,20461.0,90139.0,1659.0,147651.0,2527,2527,70523
236,98390,8921,44.8,5.7,16.1,2.0,31.3,399660.8,50849.7,143628.1,17842.0,279227.3,4469,4469,60022
237,98391,38893,56.7,3.6,10.7,1.2,27.8,2205233.1,140014.8,416155.1,46671.6,1081225.4,16756,16756,92384
238,98392,2446,44.3,4.5,16.6,2.0,32.5,108357.8,11007.0,40603.6,4892.0,79495.0,1299,1299,59563
239,98394,1208,60.6,5.4,12.5,0.7,20.8,73204.8,6523.2,15100.0,845.6,25126.4,496,496,60648
240,98396,536,56.7,2.8,10.4,2.4,27.6,30391.2,1500.8,5574.4,1286.4,14793.6,260,260,65313
241,98402,6153,22.9,2.9,23.0,3.2,48.0,140903.7,17843.7,141519.0,19689.6,295344.0,3601,3601,45797
242,98403,6934,35.9,1.7,17.9,0.7,43.8,248930.6,11787.8,124118.6,4853.8,303709.2,4192,4192,56012
243,98404,26350,42.2,5.0,14.6,2.4,35.8,1111970.0,131750.0,384710.0,63240.0,943330.0,11128,11128,49047
244,98405,19424,36.4,5.7,15.9,2.3,39.7,707033.6,110716.8,308841.6,44675.2,771132.8,9614,9614,48411
245,98406,19321,47.3,6.1,13.6,1.5,31.5,913883.3,117858.1,262765.6,28981.5,608611.5,9713,9713,71934
246,98407,18278,49.2,5.0,16.3,1.7,27.8,899277.6,91390.0,297931.4,31072.6,508128.4,9274,9274,71059
247,98408,15749,39.4,7.2,14.0,3.2,36.2,620510.6,113392.8,220486.0,50396.8,570113.8,7252,7252,50768
248,98409,19418,35.8,5.1,16.4,3.4,39.3,695164.4,99031.8,318455.2,66021.2,763127.4,9860,9860,49464
249,98416,1013,0.0,0.0,0.0,0.0,100.0,0.0,0.0,0.0,0.0,101300.0,0,0,0
250,98418,7984,36.0,7.9,17.4,2.2,36.6,287424.0,63073.6,138921.6,17564.8,292214.4,3864,3864,45262
251,98421,1090,15.0,1.1,6.4,2.8,74.7,16350.0,1199.0,6976.0,3052.0,81423.0,0,0,0
252,98422,17093,57.9,3.4,11.2,1.5,26.1,989684.7,58116.2,191441.6,25639.5,446127.3,7597,7597,90180
253,98424,8512,45.0,3.5,14.8,1.7,35.0,383040.0,29792.0,125977.6,14470.4,297920.0,4017,4017,61607
254,98430,0,0.0,0.0,0.0,0.0,0.0,0.0,0.0,0.0,0.0,0.0,0,0,0
255,98433,13076,58.1,0.0,3.1,0.7,38.1,759715.6,0.0,40535.6,9153.2,498195.6,4219,4219,44409
256,98438,498,5.8,0.0,4.0,0.0,90.2,2888.4,0.0,1992.0,0.0,44919.6,5,5,0
257,98439,3730,49.7,2.9,9.4,2.2,35.8,185381.0,10817.0,35062.0,8206.0,133534.0,1971,1971,35179
258,98443,4835,56.0,5.3,12.5,1.3,24.9,270760.0,25625.5,60437.5,6285.5,120391.5,2185,2185,75270
259,98444,27447,36.0,5.4,14.8,2.3,41.5,988092.0,148213.8,406215.6,63128.1,1139050.5,12761,12761,41278
260,98445,24641,52.6,5.8,13.1,2.0,26.5,1296116.6,142917.8,322797.1,49282.0,652986.5,10992,10992,61647
261,98446,8389,51.2,5.1,14.3,1.5,28.0,429516.8,42783.9,119962.7,12583.5,234892.0,3749,3749,66646
262,98447,767,2.6,0.0,0.9,0.0,96.5,1994.2,0.0,690.3,0.0,74015.5,0,0,0
263,98465,5714,40.6,8.2,16.2,0.5,34.5,231988.4,46854.8,92566.8,2857.0,197133.0,3103,3103,55544
264,98466,22375,46.9,5.0,14.9,1.3,31.9,1049387.5,111875.0,333387.5,29087.5,713762.5,11392,11392,57200
265,98467,13031,50.3,4.7,11.1,2.7,31.2,655459.3,61245.7,144644.1,35183.7,406567.2,6368,6368,61351
266,98498,24059,51.0,6.4,13.0,2.2,27.4,1227009.0,153977.6,312767.0,52929.8,659216.6,11441,11441,60723
267,98499,24223,43.2,5.7,14.8,3.6,32.7,1046433.6,138071.1,358500.4,87202.8,792092.1,12393,12393,39955
268,98501,34933,51.6,4.7,12.8,0.9,30.0,1802542.8,164185.1,447142.4,31439.7,1047990.0,17145,17145,67664
269,98502,28305,46.3,4.7,13.3,1.3,34.5,1310521.5,133033.5,376456.5,36796.5,976522.5,13762,13762,62689
270,98503,31108,46.9,6.5,12.2,2.0,32.5,1458965.2,202202.0,379517.6,62216.0,1011010.0,15243,15243,61336
271,98506,15105,49.4,5.7,15.7,1.0,28.2,746187.0,86098.5,237148.5,15105.0,425961.0,7945,7945,64566
272,98512,25057,53.1,5.1,12.9,1.5,27.5,1330526.7,127790.7,323235.3,37585.5,689067.5,11903,11903,71170
273,98513,27136,59.6,3.8,11.5,1.0,24.1,1617305.6,103116.8,312064.0,27136.0,653977.6,12639,12639,72521
274,98516,18675,63.3,4.5,11.5,1.0,19.8,1182127.5,84037.5,214762.5,18675.0,369765.0,9149,9149,74767
275,98520,19131,44.0,6.2,16.0,1.5,32.3,841764.0,118612.2,306096.0,28696.5,617931.3,8127,8127,44645
276,98524,3595,62.4,3.5,8.5,0.7,24.9,224328.0,12582.5,30557.5,2516.5,89515.5,1517,1517,66902
277,98526,177,49.7,4.0,11.3,1.7,33.3,8796.9,708.0,2000.1,300.9,5894.1,90,90,43500
278,98527,281,54.4,20.3,5.0,0.0,20.3,15286.4,5704.3,1405.0,0.0,5704.3,155,155,40063
279,98528,8270,51.0,4.7,15.8,1.6,27.0,421770.0,38869.0,130666.0,13232.0,223290.0,3486,3486,57520
280,98530,471,50.1,6.8,11.7,4.7,26.8,23597.1,3202.8,5510.7,2213.7,12622.8,231,231,41458
281,98531,19865,45.7,7.2,16.3,2.5,28.4,907830.5,143028.0,323799.5,49662.5,564166.0,9913,9913,41613
282,98532,19566,53.8,6.7,12.1,1.7,25.7,1052650.8,131092.2,236748.6,33262.2,502846.2,8981,8981,55257
283,98533,402,54.2,13.2,21.4,2.2,9.0,21788.4,5306.4,8602.8,884.4,3618.0,206,206,51750
284,98535,534,11.2,0.0,43.6,0.0,45.1,5980.8,0.0,23282.4,0.0,24083.4,285,285,0
285,98536,104,41.3,58.7,0.0,0.0,0.0,4295.2,6104.8,0.0,0.0,0.0,57,57,24213
286,98537,1756,53.5,10.4,9.9,0.9,25.5,93946.0,18262.4,17384.4,1580.4,44778.0,838,838,58571
287,98538,253,64.0,7.1,11.1,0.0,17.8,16192.0,1796.3,2808.3,0.0,4503.4,117,117,63750
288,98541,8114,52.2,5.7,13.9,0.8,27.4,423550.8,46249.8,112784.6,6491.2,222323.6,3811,3811,47813
289,98542,482,64.9,7.5,8.3,2.3,17.0,31281.8,3615.0,4000.6,1108.6,8194.0,214,214,56667
290,98544,35,51.4,0.0,0.0,0.0,48.6,1799.0,0.0,0.0,0.0,1701.0,9,9,0
291,98546,2717,49.6,5.7,17.4,5.0,22.3,134763.2,15486.9,47275.8,13585.0,60589.1,1164,1164,73750
292,98547,1281,40.3,10.5,18.7,3.0,27.6,51624.3,13450.5,23954.7,3843.0,35355.6,666,666,32083
293,98548,1907,52.0,13.5,20.3,4.1,10.1,99164.0,25744.5,38712.1,7818.7,19260.7,1051,1051,37476
294,98550,9228,45.7,9.9,18.2,1.7,24.5,421719.6,91357.2,167949.6,15687.6,226086.0,4798,4798,43012
295,98552,537,51.6,7.4,7.1,2.2,31.7,27709.2,3973.8,3812.7,1181.4,17022.9,235,235,51979
296,98555,419,72.8,27.2,0.0,0.0,0.0,30503.2,11396.8,0.0,0.0,0.0,234,234,0
297,98557,2583,57.3,11.2,11.9,0.7,18.8,148005.9,28929.6,30737.7,1808.1,48560.4,1311,1311,55643
298,98558,251,72.1,13.5,12.4,0.0,2.0,18097.1,3388.5,3112.4,0.0,502.0,108,108,83802
299,98559,49,100.0,0.0,0.0,0.0,0.0,4900.0,0.0,0.0,0.0,0.0,24,24,0
300,98560,173,38.2,8.7,5.8,0.0,47.4,6608.6,1505.1,1003.4,0.0,8200.2,89,89,68472
301,98562,0,0.0,0.0,0.0,0.0,0.0,0.0,0.0,0.0,0.0,0.0,0,0,0
302,98563,6223,47.7,7.7,15.1,0.7,28.8,296837.1,47917.1,93967.3,4356.1,179222.4,2898,2898,63567
303,98564,1945,60.6,7.1,14.1,3.6,14.6,117867.0,13809.5,27424.5,7002.0,28397.0,1037,1037,46458
304,98565,563,63.4,3.2,12.3,0.0,21.1,35694.2,1801.6,6924.9,0.0,11879.3,220,220,56800
305,98568,2298,49.5,6.0,15.2,1.2,28.1,113751.0,13788.0,34929.6,2757.6,64573.8,1108,1108,50000
306,98569,5523,54.6,5.2,19.8,3.2,17.2,301555.8,28719.6,109355.4,17673.6,94995.6,2981,2981,41431
307,98570,3633,58.3,5.9,7.2,4.2,24.3,211803.9,21434.7,26157.6,15258.6,88281.9,1643,1643,53675
308,98571,488,40.4,10.9,0.0,0.0,48.8,19715.2,5319.2,0.0,0.0,23814.4,132,132,70873
309,98572,673,51.6,3.4,17.7,0.0,27.3,34726.8,2288.2,11912.1,0.0,18372.9,285,285,57232
310,98575,146,54.1,14.4,11.0,0.7,19.9,7898.6,2102.4,1606.0,102.2,2905.4,80,80,50000
311,98576,4189,56.5,5.7,15.7,1.0,21.2,236678.5,23877.3,65767.3,4189.0,88806.8,2017,2017,56128
312,98577,5331,51.4,6.3,14.4,1.3,26.6,274013.4,33585.3,76766.4,6930.3,141804.6,2428,2428,46208
313,98579,10825,56.5,6.3,11.9,1.9,23.4,611612.5,68197.5,128817.5,20567.5,253305.0,4757,4757,68817
314,98580,9769,54.7,5.4,10.6,3.6,25.7,534364.3,52752.6,103551.4,35168.4,251063.3,4162,4162,60972
315,98581,349,56.7,11.5,25.8,2.6,3.4,19788.3,4013.5,9004.2,907.4,1186.6,208,208,36776
316,98582,216,75.0,16.2,8.8,0.0,0.0,16200.0,3499.2,1900.8,0.0,0.0,125,125,83977
317,98583,93,54.8,15.1,21.5,0.0,8.6,5096.4,1404.3,1999.5,0.0,799.8,49,49,36875
318,98584,30637,44.6,7.4,15.9,2.0,30.1,1366410.2,226713.8,487128.3,61274.0,922173.7,13508,13508,51183
319,98585,597,39.7,3.7,27.5,3.9,25.3,23700.9,2208.9,16417.5,2328.3,15104.1,351,351,71477
320,98586,1427,42.1,7.8,19.0,4.1,27.0,60076.7,11130.6,27113.0,5850.7,38529.0,689,689,37292
321,98587,674,25.7,6.8,16.3,2.8,48.4,17321.8,4583.2,10986.2,1887.2,32621.6,267,267,33250
322,98588,1429,62.1,9.2,11.1,2.5,15.0,88740.9,13146.8,15861.9,3572.5,21435.0,751,751,55844
323,98589,6000,52.9,5.3,16.6,1.1,24.2,317400.0,31800.0,99600.0,6600.0,145200.0,2796,2796,58750
324,98590,423,65.5,4.5,8.3,0.7,21.0,27706.5,1903.5,3510.9,296.1,8883.0,208,208,41042
325,98591,2795,66.0,6.0,7.8,3.3,16.9,184470.0,16770.0,21801.0,9223.5,47235.5,1376,1376,46310
326,98592,1156,72.4,5.7,11.6,0.0,10.3,83694.4,6589.2,13409.6,0.0,11906.8,566,566,59079
327,98593,1006,52.9,10.3,9.7,1.7,25.3,53217.4,10361.8,9758.2,1710.2,25451.8,444,444,45000
328,98595,2256,39.8,9.1,20.8,2.5,27.8,89788.8,20529.6,46924.8,5640.0,62716.8,1256,1256,39679
329,98596,5852,55.8,6.4,11.0,2.6,24.2,326541.6,37452.8,64372.0,15215.2,141618.4,2587,2587,45495
330,98597,17700,53.4,5.3,12.7,1.2,27.5,945180.0,93810.0,224790.0,21240.0,486750.0,8079,8079,58099
331,98601,2334,65.9,3.7,10.0,0.0,20.4,153810.6,8635.8,23340.0,0.0,47613.6,1066,1066,61071
332,98602,121,37.2,18.2,31.4,0.0,13.2,4501.2,2202.2,3799.4,0.0,1597.2,51,51,43229
333,98603,883,77.2,1.4,11.1,1.1,9.2,68167.6,1236.2,9801.3,971.3,8123.6,456,456,61528
334,98604,27963,61.6,4.9,9.0,0.9,23.6,1722520.8,137018.7,251667.0,25166.7,659926.8,11970,11970,76193
335,98605,918,56.1,6.5,12.4,1.6,23.3,51499.8,5967.0,11383.2,1468.8,21389.4,404,404,53864
336,98606,7379,63.5,5.1,10.1,0.6,20.7,468566.5,37632.9,74527.9,4427.4,152745.3,3137,3137,92557
337,98607,24633,60.4,3.3,10.4,1.1,24.8,1487833.2,81288.9,256183.2,27096.3,610898.4,10744,10744,96842
338,98610,2558,51.3,8.5,12.7,1.1,26.4,131225.4,21743.0,32486.6,2813.8,67531.2,1230,1230,38615
339,98611,8085,61.3,6.6,11.9,1.9,18.2,495610.5,53361.0,96211.5,15361.5,147147.0,3892,3892,60854
340,98612,2418,54.8,5.5,15.8,1.8,22.0,132506.4,13299.0,38204.4,4352.4,53196.0,1213,1213,50175
341,98613,285,58.2,9.5,9.8,0.0,22.5,16587.0,2707.5,2793.0,0.0,6412.5,127,127,53125
342,98614,131,39.7,6.9,34.4,0.0,19.1,5200.7,903.9,4506.4,0.0,2502.1,66,66,0
343,98616,146,100.0,0.0,0.0,0.0,0.0,14600.0,0.0,0.0,0.0,0.0,73,73,0
344,98617,1273,55.5,9.3,16.5,2.0,16.6,70651.5,11838.9,21004.5,2546.0,21131.8,500,500,66757
345,98619,356,59.8,11.0,11.0,2.5,15.7,21288.8,3916.0,3916.0,890.0,5589.2,192,192,41250
346,98620,6242,53.2,7.7,16.7,1.5,20.8,332074.4,48063.4,104241.4,9363.0,129833.6,2969,2969,42318
347,98621,366,57.1,13.7,12.6,0.8,15.8,20898.6,5014.2,4611.6,292.8,5782.8,190,190,41250
348,98624,1371,55.4,8.8,11.2,3.2,21.4,75953.4,12064.8,15355.2,4387.2,29339.4,716,716,38269
349,98625,5536,58.1,6.2,10.2,2.8,22.7,321641.6,34323.2,56467.2,15500.8,125667.2,2502,2502,71410
350,98626,19318,49.5,6.6,13.8,2.3,27.8,956241.0,127498.8,266588.4,44431.4,537040.4,9315,9315,49632
351,98628,321,49.2,7.2,15.9,0.9,26.8,15793.2,2311.2,5103.9,288.9,8602.8,143,143,33625
352,98629,6146,67.7,4.7,8.4,0.7,18.5,416084.2,28886.2,51626.4,4302.2,113701.0,2730,2730,85722
353,98631,3181,51.6,6.8,17.0,1.0,23.6,164139.6,21630.8,54077.0,3181.0,75071.6,1734,1734,36369
354,98632,40364,47.9,7.3,15.1,2.7,26.9,1933435.6,294657.2,609496.4,108982.8,1085791.6,20148,20148,42144
355,98635,1565,45.6,15.4,17.3,0.0,21.7,71364.0,24101.0,27074.5,0.0,33960.5,753,753,45711
356,98638,1104,48.1,12.0,10.1,1.2,28.7,53102.4,13248.0,11150.4,1324.8,31684.8,516,516,56667
357,98639,948,49.4,6.9,14.8,0.0,29.0,46831.2,6541.2,14030.4,0.0,27492.0,476,476,56875
358,98640,4038,59.0,6.8,19.5,2.2,12.5,238242.0,27458.4,78741.0,8883.6,50475.0,1964,1964,33724
359,98641,20,100.0,0.0,0.0,0.0,0.0,2000.0,0.0,0.0,0.0,0.0,9,9,0
360,98642,15172,63.4,3.0,8.9,1.2,23.5,961904.8,45516.0,135030.8,18206.4,356542.0,6700,6700,93360
361,98643,354,62.1,11.6,12.4,0.0,13.8,21983.4,4106.4,4389.6,0.0,4885.2,187,187,64438
362,98644,186,45.7,9.7,13.4,10.2,21.0,8500.2,1804.2,2492.4,1897.2,3906.0,111,111,29934
363,98645,1030,59.3,7.3,8.9,2.3,22.1,61079.0,7519.0,9167.0,2369.0,22763.0,464,464,60000
364,98647,271,59.0,0.0,17.3,7.4,16.2,15989.0,0.0,4688.3,2005.4,4390.2,149,149,19297
365,98648,2521,49.9,7.1,18.0,1.8,23.3,125797.9,17899.1,45378.0,4537.8,58739.3,1288,1288,49894
366,98649,906,61.7,3.1,15.6,3.9,15.8,55900.2,2808.6,14133.6,3533.4,14314.8,388,388,56944
367,98650,769,70.5,5.5,16.3,0.0,7.8,54214.5,4229.5,12534.7,0.0,5998.2,342,342,62381
368,98651,716,76.4,8.1,6.1,0.0,9.4,54702.4,5799.6,4367.6,0.0,6730.4,367,367,66250
369,98660,10450,38.0,4.0,17.7,3.1,37.1,397100.0,41800.0,184965.0,32395.0,387695.0,5417,5417,48032
370,98661,36670,43.5,4.1,16.1,2.8,33.5,1595145.0,150347.0,590387.0,102676.0,1228445.0,18099,18099,48354
371,98662,25871,50.1,7.1,12.4,2.3,28.2,1296137.1,183684.1,320800.4,59503.3,729562.2,12258,12258,58713
372,98663,11333,41.5,5.5,19.7,2.6,30.7,470319.5,62331.5,223260.1,29465.8,347923.1,5902,5902,54943
373,98664,17935,46.7,6.8,15.5,2.1,29.0,837564.5,121958.0,277992.5,37663.5,520115.0,8836,8836,57330
374,98665,21605,51.4,3.6,13.2,2.4,29.3,1110497.0,77778.0,285186.0,51852.0,633026.5,9809,9809,59891
375,98670,37,83.8,16.2,0.0,0.0,0.0,3100.6,599.4,0.0,0.0,0.0,22,22,31250
376,98671,18435,57.5,4.5,12.7,0.8,24.5,1060012.5,82957.5,234124.5,14748.0,451657.5,8469,8469,78307
377,98672,5349,59.9,4.9,12.4,0.1,22.6,320405.1,26210.1,66327.6,534.9,120887.4,2558,2558,60981
378,98673,457,42.5,5.7,14.9,2.2,34.8,19422.5,2604.9,6809.3,1005.4,15903.6,201,201,36250
379,98674,9948,53.9,5.3,13.7,2.5,24.6,536197.2,52724.4,136287.6,24870.0,244720.8,4384,4384,67929
380,98675,5145,56.2,1.8,11.9,1.4,28.8,289149.0,9261.0,61225.5,7203.0,148176.0,1949,1949,70015
381,98682,43597,52.8,4.4,11.8,1.9,29.0,2301921.6,191826.8,514444.6,82834.3,1264313.0,18990,18990,67569
382,98683,27587,51.2,7.0,12.9,1.5,27.3,1412454.4,193109.0,355872.3,41380.5,753125.1,13704,13704,66733
383,98684,22368,52.1,5.2,10.4,2.9,29.4,1165372.8,116313.6,232627.2,64867.2,657619.2,10240,10240,63653
384,98685,22958,60.9,4.1,9.3,1.0,24.7,1398142.2,94127.8,213509.4,22958.0,567062.6,10297,10297,89463
385,98686,15760,59.8,3.8,10.6,1.5,24.3,942448.0,59888.0,167056.0,23640.0,382968.0,7356,7356,78411
386,98801,34089,47.8,6.4,12.5,1.7,31.6,1629454.2,218169.6,426112.5,57951.3,1077212.4,15362,15362,55353
387,98802,23367,55.3,5.4,10.6,1.4,27.4,1292195.1,126181.8,247690.2,32713.8,640255.8,10861,10861,61895
388,98811,30,53.3,0.0,46.7,0.0,0.0,1599.0,0.0,1401.0,0.0,0.0,22,22,0
389,98812,3794,54.4,8.9,4.9,1.5,30.3,206393.6,33766.6,18590.6,5691.0,114958.2,1557,1557,41188
390,98813,2127,52.6,4.2,7.5,3.0,32.8,111880.2,8933.4,15952.5,6381.0,69765.6,885,885,44030
391,98814,396,62.9,6.6,14.6,0.0,15.9,24908.4,2613.6,5781.6,0.0,6296.4,248,248,46500
392,98815,6007,58.7,4.5,11.1,0.3,25.4,352610.9,27031.5,66677.7,1802.1,152577.8,2658,2658,60952
393,98816,5345,52.0,3.9,16.5,3.4,24.2,277940.0,20845.5,88192.5,18173.0,129349.0,2557,2557,49792
394,98817,122,57.4,0.0,28.7,0.0,13.9,7002.8,0.0,3501.4,0.0,1695.8,53,53,66250
395,98819,220,62.3,4.1,15.5,0.0,18.2,13706.0,902.0,3410.0,0.0,4004.0,146,146,31250
396,98821,251,56.2,0.0,0.0,0.0,43.8,14106.2,0.0,0.0,0.0,10993.8,182,182,0
397,98822,1634,57.2,5.3,16.8,3.0,17.7,93464.8,8660.2,27451.2,4902.0,28921.8,747,747,42284
398,98823,8759,56.0,6.2,11.8,0.3,25.8,490504.0,54305.8,103356.2,2627.7,225982.2,3880,3880,61636
399,98824,309,53.4,2.6,1.6,0.0,42.4,16500.6,803.4,494.4,0.0,13101.6,98,98,42500
400,98826,5970,62.9,6.5,11.1,0.7,18.8,375513.0,38805.0,66267.0,4179.0,112236.0,2963,2963,51942
401,98827,263,46.8,0.0,7.2,0.0,46.0,12308.4,0.0,1893.6,0.0,12098.0,79,79,0
402,98828,2070,58.8,5.5,10.0,0.6,25.1,121716.0,11385.0,20700.0,1242.0,51957.0,826,826,63793
403,98829,587,60.0,0.0,6.5,0.9,32.7,35220.0,0.0,3815.5,528.3,19194.9,258,258,50192
404,98830,468,69.4,2.8,15.0,0.0,12.8,32479.2,1310.4,7020.0,0.0,5990.4,266,266,54250
405,98831,2337,58.5,1.8,17.5,1.2,21.2,136714.5,4206.6,40897.5,2804.4,49544.4,1202,1202,68670
406,98832,228,57.5,6.1,4.4,0.0,32.0,13110.0,1390.8,1003.2,0.0,7296.0,87,87,97917
407,98833,133,73.7,0.0,12.0,0.0,14.3,9802.1,0.0,1596.0,0.0,1901.9,59,59,0
408,98834,144,41.0,6.9,18.1,0.0,34.0,5904.0,993.6,2606.4,0.0,4896.0,83,83,41563
409,98836,848,55.1,0.0,5.5,0.0,39.4,46724.8,0.0,4664.0,0.0,33411.2,254,254,67083
410,98837,31862,48.8,5.8,14.5,1.9,29.1,1554865.6,184799.6,461999.0,60537.8,927184.2,14792,14792,51977
411,98840,3711,47.9,6.8,15.4,1.4,28.6,177756.9,25234.8,57149.4,5195.4,106134.6,1913,1913,38393
412,98841,6953,55.2,6.4,12.5,2.6,23.3,383805.6,44499.2,86912.5,18077.8,162004.9,3690,3690,47938
413,98843,1510,62.2,4.0,6.6,0.7,26.4,93922.0,6040.0,9966.0,1057.0,39864.0,656,656,52292
414,98844,3972,56.2,5.7,14.8,0.9,22.4,223226.4,22640.4,58785.6,3574.8,88972.8,2117,2117,39915
415,98845,235,61.7,5.1,10.6,1.3,21.3,14499.5,1198.5,2491.0,305.5,5005.5,113,113,48250
416,98846,949,55.2,5.7,10.2,1.1,27.8,52384.8,5409.3,9679.8,1043.9,26382.2,479,479,42330
417,98847,1372,50.2,3.0,10.1,2.4,34.3,68874.4,4116.0,13857.2,3292.8,47059.6,582,582,43589
418,98848,8941,51.9,3.3,6.3,3.7,34.8,464037.9,29505.3,56328.3,33081.7,311146.8,3481,3481,55563
419,98849,976,59.5,8.9,15.6,0.9,15.1,58072.0,8686.4,15225.6,878.4,14737.6,501,501,50274
420,98850,1457,48.1,7.5,19.1,2.7,22.6,70081.7,10927.5,27828.7,3933.9,32928.2,659,659,47457
421,98851,3403,53.9,10.8,15.2,2.7,17.5,183421.7,36752.4,51725.6,9188.1,59552.5,1799,1799,40116
422,98852,7,85.7,0.0,0.0,0.0,14.3,599.9,0.0,0.0,0.0,100.1,5,5,33750
423,98853,16,87.5,0.0,12.5,0.0,0.0,1400.0,0.0,200.0,0.0,0.0,9,9,0
424,98855,4896,57.6,7.8,14.3,1.4,19.0,282009.6,38188.8,70012.8,6854.4,93024.0,2472,2472,40796
425,98856,2335,58.6,2.9,13.6,2.1,22.9,136831.0,6771.5,31756.0,4903.5,53471.5,1265,1265,36229
426,98857,2670,53.0,5.8,9.3,2.3,29.6,141510.0,15486.0,24831.0,6141.0,79032.0,1190,1190,44375
427,98858,1714,55.4,9.1,13.8,0.6,21.1,94955.6,15597.4,23653.2,1028.4,36165.4,856,856,43565
428,98859,155,46.5,11.6,0.0,0.0,41.9,7207.5,1798.0,0.0,0.0,6494.5,120,120,0
429,98860,263,41.8,16.0,19.4,5.7,17.1,10993.4,4208.0,5102.2,1499.1,4497.3,149,149,41875
430,98862,1785,65.6,5.8,13.3,2.4,12.8,117096.0,10353.0,23740.5,4284.0,22848.0,992,992,65603
431,98901,23195,40.4,4.8,13.8,2.4,38.7,937078.0,111336.0,320091.0,55668.0,897646.5,10124,10124,38579
432,98902,35115,42.3,6.2,11.7,3.3,36.4,1485364.5,217713.0,410845.5,115879.5,1278186.0,16584,16584,41432
433,98903,11052,52.0,5.1,12.7,3.1,27.1,574704.0,56365.2,140360.4,34261.2,299509.2,5191,5191,47215
434,98908,29939,53.3,6.6,12.3,1.1,26.6,1595748.7,197597.4,368249.7,32932.9,796377.4,14472,14472,58801
435,98921,303,65.3,0.0,34.7,0.0,0.0,19785.9,0.0,10514.1,0.0,0.0,150,150,28594
436,98922,5684,53.7,4.1,16.3,1.4,24.5,305230.8,23304.4,92649.2,7957.6,139258.0,2866,2866,53806
437,98923,933,61.5,1.6,14.7,0.0,22.2,57379.5,1492.8,13715.1,0.0,20712.6,362,362,52803
438,98925,517,56.5,4.6,22.2,2.5,14.1,29210.5,2378.2,11477.4,1292.5,7289.7,284,284,63421
439,98926,27605,40.2,4.0,9.1,0.7,46.0,1109721.0,110420.0,251205.5,19323.5,1269830.0,12817,12817,51473
440,98929,0,0.0,0.0,0.0,0.0,0.0,0.0,0.0,0.0,0.0,0.0,0,0,0
441,98930,11779,48.2,4.0,8.5,2.7,36.5,567747.8,47116.0,100121.5,31803.3,429933.5,4938,4938,46188
442,98932,3693,47.7,1.9,10.4,1.8,38.2,176156.1,7016.7,38407.2,6647.4,141072.6,1344,1344,47302
443,98933,884,48.8,4.2,7.6,1.4,38.1,43139.2,3712.8,6718.4,1237.6,33680.4,357,357,51442
444,98934,808,49.6,6.8,13.1,3.8,26.6,40076.8,5494.4,10584.8,3070.4,21492.8,426,426,44167
445,98935,2511,47.5,4.9,6.5,3.3,37.9,119272.5,12303.9,16321.5,8286.3,95166.9,962,962,40096
446,98936,4387,60.5,3.8,7.4,0.9,27.4,265413.5,16670.6,32463.8,3948.3,120203.8,1842,1842,56769
447,98937,3120,67.7,5.4,9.9,1.0,16.0,211224.0,16848.0,30888.0,3120.0,49920.0,1520,1520,55870
448,98938,2523,45.4,3.1,6.2,6.3,39.0,114544.2,7821.3,15642.6,15894.9,98397.0,810,810,76053
449,98939,77,41.6,23.4,11.7,0.0,23.4,3203.2,1801.8,900.9,0.0,1801.8,44,44,0
450,98940,382,51.6,0.0,7.1,0.0,41.4,19711.2,0.0,2712.2,0.0,15814.8,169,169,61484
451,98941,557,43.1,9.7,17.6,2.2,27.5,24006.7,5402.9,9803.2,1225.4,15317.5,288,288,54853
452,98942,13501,59.1,5.6,11.0,1.6,22.6,797909.1,75605.6,148511.0,21601.6,305122.6,6420,6420,60100
453,98943,778,40.0,4.6,20.4,0.0,35.0,31120.0,3578.8,15871.2,0.0,27230.0,395,395,59911
454,98944,15497,49.4,5.0,7.4,1.4,36.7,765551.8,77485.0,114677.8,21695.8,568739.9,6041,6041,43434
455,98946,449,61.7,1.6,16.5,2.0,18.3,27703.3,718.4,7408.5,898.0,8216.7,229,229,74063
456,98947,2415,57.5,4.4,7.1,1.4,29.6,138862.5,10626.0,17146.5,3381.0,71484.0,862,862,49697
457,98948,9062,45.1,4.1,8.6,3.3,39.0,408696.2,37154.2,77933.2,29904.6,353418.0,3532,3532,43106
458,98950,245,49.0,0.0,3.7,2.4,44.9,12005.0,0.0,906.5,588.0,11000.5,73,73,88036
459,98951,9654,44.6,5.4,7.7,3.3,39.1,430568.4,52131.6,74335.8,31858.2,377471.4,3677,3677,44729
460,98952,1688,32.8,4.7,10.4,4.0,48.2,55366.4,7933.6,17555.2,6752.0,81361.6,560,560,45139
461,98953,5421,52.0,5.3,10.1,2.5,30.0,281892.0,28731.3,54752.1,13552.5,162630.0,2171,2171,65614
462,99001,5834,30.0,2.9,20.1,4.8,42.2,175020.0,16918.6,117263.4,28003.2,246194.8,1410,1410,44674
463,99003,3929,68.7,5.4,8.7,0.9,16.2,269922.3,21216.6,34182.3,3536.1,63649.8,1843,1843,70884
464,99004,17688,40.6,3.1,7.7,0.6,48.0,718132.8,54832.8,136197.6,10612.8,849024.0,7465,7465,45410
465,99005,7188,66.7,2.1,8.2,0.7,22.4,479439.6,15094.8,58941.6,5031.6,161011.2,2972,2972,92247
466,99006,10134,58.8,3.8,14.3,1.2,21.8,595879.2,38509.2,144916.2,12160.8,220921.2,4583,4583,60509
467,99008,846,56.4,3.0,3.2,3.1,34.4,47714.4,2538.0,2707.2,2622.6,29102.4,239,239,66831
468,99009,2996,57.6,8.7,9.9,0.2,23.5,172569.6,26065.2,29660.4,599.2,70406.0,1320,1320,60893
469,99011,2000,61.3,1.9,1.1,0.3,35.6,122600.0,3800.0,2200.0,600.0,71200.0,733,733,65220
470,99012,614,60.1,5.0,20.5,1.0,13.4,36901.4,3070.0,12587.0,614.0,8227.6,321,321,54028
471,99013,1252,42.1,9.9,14.5,3.2,30.3,52709.2,12394.8,18154.0,4006.4,37935.6,615,615,55038
472,99016,10389,59.8,5.3,13.8,0.9,20.1,621262.2,55061.7,143368.2,9350.1,208818.9,5247,5247,58454
473,99017,123,69.1,7.3,8.1,0.0,15.4,8499.3,897.9,996.3,0.0,1894.2,64,64,42308
474,99018,231,72.7,11.3,3.9,0.0,12.1,16793.7,2610.3,900.9,0.0,2795.1,117,117,55243
475,99019,8379,61.4,3.8,14.1,2.0,18.7,514470.6,31840.2,118143.9,16758.0,156687.3,4401,4401,75027
476,99020,0,0.0,0.0,0.0,0.0,0.0,0.0,0.0,0.0,0.0,0.0,0,0,0
477,99021,7259,61.9,5.0,13.9,0.5,18.7,449332.1,36295.0,100900.1,3629.5,135743.3,3433,3433,63791
478,99022,7408,53.3,5.3,13.6,2.2,25.7,394846.4,39262.4,100748.8,16297.6,190385.6,3350,3350,57349
479,99023,520,54.2,6.5,11.9,0.0,27.3,28184.0,3380.0,6188.0,0.0,14196.0,209,209,83047
480,99025,4302,64.3,4.6,8.9,1.2,21.0,276618.6,19789.2,38287.8,5162.4,90342.0,1980,1980,68710
481,99026,7969,66.8,4.4,11.0,1.4,16.4,532329.2,35063.6,87659.0,11156.6,130691.6,3624,3624,69555
482,99027,4951,59.4,6.6,12.8,0.4,20.8,294089.4,32676.6,63372.8,1980.4,102980.8,2258,2258,63098
483,99029,890,59.6,8.4,9.6,0.0,22.5,53044.0,7476.0,8544.0,0.0,20025.0,459,459,62031
484,99030,828,67.8,1.0,11.1,2.3,17.9,56138.4,828.0,9190.8,1904.4,14821.2,428,428,63796
485,99031,997,63.0,1.8,11.3,5.7,18.2,62811.0,1794.6,11266.1,5682.9,18145.4,506,506,48500
486,99032,565,56.3,8.3,16.3,0.0,19.1,31809.5,4689.5,9209.5,0.0,10791.5,293,293,35924
487,99033,825,58.3,10.5,12.8,1.6,16.7,48097.5,8662.5,10560.0,1320.0,13777.5,383,383,53250
488,99034,1,0.0,0.0,0.0,100.0,0.0,0.0,0.0,0.0,100.0,0.0,0,0,0
489,99036,1159,62.1,4.3,12.0,1.6,19.9,71973.9,4983.7,13908.0,1854.4,23064.1,567,567,72159
490,99037,11423,56.6,7.2,9.2,1.5,25.4,646541.8,82245.6,105091.6,17134.5,290144.2,5576,5576,58065
491,99039,60,41.7,0.0,20.0,0.0,38.3,2502.0,0.0,1200.0,0.0,2298.0,33,33,52679
492,99040,564,29.3,15.1,16.8,0.0,38.8,16525.2,8516.4,9475.2,0.0,21883.2,292,292,26833
493,99101,1082,57.9,10.6,12.8,0.6,18.1,62647.8,11469.2,13849.6,649.2,19584.2,549,549,38583
494,99102,463,53.1,3.0,14.3,0.0,29.6,24585.3,1389.0,6620.9,0.0,13704.8,249,249,37946
495,99103,402,69.2,5.0,10.4,1.0,14.4,27818.4,2010.0,4180.8,402.0,5788.8,205,205,61375
496,99105,37,64.9,13.5,10.8,0.0,10.8,2401.3,499.5,399.6,0.0,399.6,21,21,0
497,99109,4455,51.5,8.0,12.6,1.9,26.0,229432.5,35640.0,56133.0,8464.5,115830.0,2192,2192,40678
498,99110,1085,50.5,4.1,17.1,7.4,20.9,54792.5,4448.5,18553.5,8029.0,22676.5,522,522,31458
499,99111,3553,52.9,8.8,16.6,0.5,21.2,187953.7,31266.4,58979.8,1776.5,75323.6,1858,1858,52792
500,99113,612,70.9,3.6,10.6,0.0,14.9,43390.8,2203.2,6487.2,0.0,9118.8,328,328,63125
501,99114,10244,53.6,8.5,13.3,0.9,23.7,549078.4,87074.0,136245.2,9219.6,242782.8,5123,5123,44658
502,99115,1040,59.1,4.7,10.0,1.7,24.4,61464.0,4888.0,10400.0,1768.0,25376.0,473,473,57813
503,99116,1343,53.3,5.4,13.5,1.0,26.9,71581.9,7252.2,18130.5,1343.0,36126.7,729,729,52917
504,99117,367,63.5,6.5,7.9,5.7,16.3,23304.5,2385.5,2899.3,2091.9,5982.1,190,190,42500
505,99118,693,43.6,5.6,12.3,0.6,38.0,30214.8,3880.8,8523.9,415.8,26334.0,287,287,42578
506,99119,999,56.3,3.6,8.5,0.4,31.2,56243.7,3596.4,8491.5,399.6,31168.8,493,493,37332
507,99121,86,65.1,0.0,23.3,0.0,11.6,5598.6,0.0,2003.8,0.0,997.6,41,41,28472
508,99122,3002,60.3,6.5,12.6,1.3,19.3,181020.6,19513.0,37825.2,3902.6,57938.6,1564,1564,53452
509,99123,838,53.5,5.3,20.8,1.1,19.5,44833.0,4441.4,17430.4,921.8,16341.0,442,442,60208
510,99124,262,35.9,6.9,15.6,3.1,38.5,9405.8,1807.8,4087.2,812.2,10087.0,143,143,40809
511,99125,441,57.4,5.0,15.9,0.7,21.1,25313.4,2205.0,7011.9,308.7,9305.1,239,239,45417
512,99126,741,60.5,3.2,13.4,4.0,18.9,44830.5,2371.2,9929.4,2964.0,14004.9,371,371,60875
513,99128,200,77.0,1.5,9.0,1.5,11.0,15400.0,300.0,1800.0,300.0,2200.0,95,95,64375
514,99129,612,53.4,3.8,17.6,2.5,22.7,32680.8,2325.6,10771.2,1530.0,13892.4,299,299,41250
515,99130,637,55.6,8.3,19.3,1.6,15.2,35417.2,5287.1,12294.1,1019.2,9682.4,354,354,56833
516,99131,155,74.2,3.2,12.3,0.0,10.3,11501.0,496.0,1906.5,0.0,1596.5,86,86,45000
517,99133,1416,47.7,8.3,22.4,0.4,21.1,67543.2,11752.8,31718.4,566.4,29877.6,719,719,41602
518,99134,445,69.9,3.1,10.1,1.1,15.7,31105.5,1379.5,4494.5,489.5,6986.5,234,234,37188
519,99135,272,69.9,1.8,5.1,0.4,22.8,19012.8,489.6,1387.2,108.8,6201.6,124,124,71071
520,99136,23,26.1,21.7,21.7,8.7,21.7,600.3,499.1,499.1,200.1,499.1,12,12,0
521,99137,336,64.0,3.0,14.6,1.2,17.3,21504.0,1008.0,4905.6,403.2,5812.8,180,180,48611
522,99138,981,35.6,7.0,15.7,4.2,37.5,34923.6,6867.0,15401.7,4120.2,36787.5,442,442,36196
523,99139,1190,65.0,5.2,8.0,0.1,21.8,77350.0,6188.0,9520.0,119.0,25942.0,589,589,51250
524,99140,341,39.3,5.9,16.7,5.3,32.8,13401.3,2011.9,5694.7,1807.3,11184.8,159,159,28750
525,99141,4282,58.3,7.6,13.9,1.4,18.8,249640.6,32543.2,59519.8,5994.8,80501.6,2173,2173,50078
526,99143,556,63.3,6.3,13.5,0.7,16.2,35194.8,3502.8,7506.0,389.2,9007.2,301,301,44306
527,99144,19,78.9,0.0,0.0,0.0,21.1,1499.1,0.0,0.0,0.0,400.9,8,8,0
528,99146,62,41.9,4.8,11.3,0.0,41.9,2597.8,297.6,700.6,0.0,2597.8,19,19,60972
529,99147,138,70.3,11.6,15.9,2.2,0.0,9701.4,1600.8,2194.2,303.6,0.0,85,85,61328
530,99148,1695,62.1,3.8,14.6,0.9,18.6,105259.5,6441.0,24747.0,1525.5,31527.0,872,872,56339
531,99149,171,40.9,15.8,23.4,3.5,16.4,6993.9,2701.8,4001.4,598.5,2804.4,102,102,33571
532,99150,383,50.1,3.7,11.2,1.6,33.4,19188.3,1417.1,4289.6,612.8,12792.2,151,151,42841
533,99151,126,48.4,7.1,23.8,0.0,20.6,6098.4,894.6,2998.8,0.0,2595.6,65,65,27083
534,99152,151,56.3,5.3,21.2,0.0,17.2,8501.3,800.3,3201.2,0.0,2597.2,82,82,56406
535,99153,336,60.1,10.1,13.7,3.6,12.5,20193.6,3393.6,4603.2,1209.6,4200.0,207,207,38563
536,99154,24,75.0,0.0,8.3,0.0,16.7,1800.0,0.0,199.2,0.0,400.8,11,11,0
537,99155,877,28.6,6.4,16.2,2.1,46.8,25082.2,5612.8,14207.4,1841.7,41043.6,428,428,28462
538,99156,6751,58.9,8.2,12.3,1.1,19.5,397633.9,55358.2,83037.3,7426.1,131644.5,3524,3524,49084
539,99157,594,49.8,6.4,9.3,7.4,27.1,29581.2,3801.6,5524.2,4395.6,16097.4,298,298,26875
540,99158,513,65.3,5.3,8.6,0.4,20.5,33498.9,2718.9,4411.8,205.2,10516.5,238,238,51964
541,99159,1361,57.5,8.8,10.8,0.7,22.2,78257.5,11976.8,14698.8,952.7,30214.2,686,686,52130
542,99160,158,70.9,8.9,9.5,0.0,10.8,11202.2,1406.2,1501.0,0.0,1706.4,94,94,19000
543,99161,1152,65.9,5.1,11.0,2.9,15.1,75916.8,5875.2,12672.0,3340.8,17395.2,653,653,59926
544,99163,30284,26.6,1.3,5.4,0.9,65.8,805554.4,39369.2,163533.6,27255.6,1992687.2,11628,11628,32721
545,99164,0,0.0,0.0,0.0,0.0,0.0,0.0,0.0,0.0,0.0,0.0,0,0,0
546,99166,2663,53.1,7.5,13.9,1.2,24.3,141405.3,19972.5,37015.7,3195.6,64710.9,1382,1382,41512
547,99167,481,64.7,4.8,14.6,1.0,15.0,31120.7,2308.8,7022.6,481.0,7215.0,262,262,42500
548,99169,1973,54.1,7.0,12.8,2.8,23.2,106739.3,13811.0,25254.4,5524.4,45773.6,1046,1046,44792
549,99170,820,50.7,10.6,15.9,0.4,22.4,41574.0,8692.0,13038.0,328.0,18368.0,433,433,43854
550,99171,829,60.8,7.6,12.4,0.6,18.6,50403.2,6300.4,10279.6,497.4,15419.4,480,480,47750
551,99173,1306,56.0,9.6,11.6,0.0,22.7,73136.0,12537.6,15149.6,0.0,29646.2,596,596,33239
552,99174,41,65.9,2.4,9.8,2.4,19.5,2701.9,98.4,401.8,98.4,799.5,21,21,0
553,99176,158,70.9,1.9,13.9,0.0,13.3,11202.2,300.2,2196.2,0.0,2101.4,85,85,63438
554,99179,409,67.7,4.4,7.3,1.0,19.6,27689.3,1799.6,2985.7,409.0,8016.4,202,202,83750
555,99180,953,61.8,3.0,12.6,0.9,21.6,58895.4,2859.0,12007.8,857.7,20584.8,468,468,42115
556,99181,1567,59.6,7.3,10.9,0.3,21.9,93393.2,11439.1,17080.3,470.1,34317.3,736,736,44318
557,99185,1099,57.1,11.0,9.9,1.7,20.3,62752.9,12089.0,10880.1,1868.3,22309.7,548,548,45833
558,99201,11827,26.5,3.2,23.2,3.5,43.5,313415.5,37846.4,274386.4,41394.5,514474.5,6545,6545,26685
559,99202,17310,27.9,6.1,15.1,1.0,49.9,482949.0,105591.0,261381.0,17310.0,863769.0,7055,7055,34240
560,99203,17142,59.9,5.4,11.7,0.4,22.7,1026805.8,92566.8,200561.4,6856.8,389123.4,9155,9155,73363
561,99204,5442,32.2,3.3,22.6,1.9,39.9,175232.4,17958.6,122989.2,10339.8,217135.8,3531,3531,32483
562,99205,34609,41.7,6.1,17.6,2.1,32.5,1443195.3,211114.9,609118.4,72678.9,1124792.5,17810,17810,46763
563,99206,29582,53.5,5.4,13.4,1.0,26.7,1582637.0,159742.8,396398.8,29582.0,789839.4,14872,14872,55632
564,99207,23336,36.0,5.3,17.6,2.1,39.0,840096.0,123680.8,410713.6,49005.6,910104.0,12083,12083,35714
565,99208,42977,52.3,6.2,13.2,1.2,27.1,2247697.1,266457.4,567296.4,51572.4,1164676.7,20925,20925,59375
566,99212,16441,50.9,5.4,14.7,0.5,28.5,836846.9,88781.4,241682.7,8220.5,468568.5,8432,8432,48600
567,99216,21208,48.8,8.3,14.2,1.9,26.8,1034950.4,176026.4,301153.6,40295.2,568374.4,10911,10911,44139
568,99217,14324,46.7,6.2,13.4,1.1,32.7,668930.8,88808.8,191941.6,15756.4,468394.8,6790,6790,47844
569,99218,13484,42.6,7.4,10.9,1.6,37.5,574418.4,99781.6,146975.6,21574.4,505650.0,6003,6003,45735
570,99223,25000,57.1,5.7,10.9,1.5,24.9,1427500.0,142500.0,272500.0,37500.0,622500.0,13024,13024,64966
571,99224,16804,58.8,3.5,10.6,1.0,26.0,988075.2,58814.0,178122.4,16804.0,436904.0,8304,8304,60825
572,99301,55238,50.4,3.5,9.9,2.3,33.9,2783995.2,193333.0,546856.2,127047.4,1872568.2,23066,23066,61029
573,99320,7668,58.0,5.1,12.2,2.7,22.1,444744.0,39106.8,93549.6,20703.6,169462.8,3608,3608,59184
574,99321,205,33.7,22.4,0.0,0.0,43.9,6908.5,4592.0,0.0,0.0,8999.5,76,76,0
575,99322,150,58.7,12.7,7.3,0.0,21.3,8805.0,1905.0,1095.0,0.0,3195.0,70,70,61250
576,99323,3092,60.3,4.0,8.9,0.7,26.1,186447.6,12368.0,27518.8,2164.4,80701.2,1366,1366,71907
577,99324,8129,47.1,5.4,14.8,2.1,30.6,382875.9,43896.6,120309.2,17070.9,248747.4,3967,3967,42708
578,99326,4838,38.0,2.5,14.9,3.4,41.1,183844.0,12095.0,72086.2,16449.2,198841.8,1343,1343,56320
579,99328,3089,52.6,9.3,12.5,1.3,24.4,162481.4,28727.7,38612.5,4015.7,75371.6,1593,1593,46406
580,99329,158,48.1,3.8,27.8,0.0,20.3,7599.8,600.4,4392.4,0.0,3207.4,87,87,46250
581,99330,916,55.9,7.0,6.1,1.4,29.6,51204.4,6412.0,5587.6,1282.4,27113.6,360,360,48651
582,99333,42,61.9,0.0,19.0,0.0,19.0,2599.8,0.0,798.0,0.0,798.0,22,22,0
583,99335,230,61.3,3.5,12.2,0.0,23.0,14099.0,805.0,2806.0,0.0,5290.0,111,111,51750
584,99336,38462,44.1,6.7,13.4,2.7,33.2,1696174.2,257695.4,515390.8,103847.4,1276938.4,18408,18408,45263
585,99337,23871,58.0,7.2,9.8,1.7,23.4,1384518.0,171871.2,233935.8,40580.7,558581.4,10883,10883,71595
586,99338,11915,67.9,3.4,7.2,0.2,21.3,809028.5,40511.0,85788.0,2383.0,253789.5,5371,5371,104630
587,99341,565,56.6,4.8,17.2,0.4,21.1,31979.0,2712.0,9718.0,226.0,11921.5,277,277,54306
588,99343,2192,53.8,0.2,5.0,2.0,39.1,117929.6,438.4,10960.0,4384.0,85707.2,749,749,59968
589,99344,11996,52.4,3.6,7.0,2.2,34.9,628590.4,43185.6,83972.0,26391.2,418660.4,4894,4894,49308
590,99345,118,49.2,2.5,15.3,1.7,31.4,5805.6,295.0,1805.4,200.6,3705.2,52,52,56875
591,99346,398,45.2,10.6,10.8,3.3,30.2,17989.6,4218.8,4298.4,1313.4,12019.6,204,204,61750
592,99347,1903,64.6,5.9,13.7,1.7,14.0,122933.8,11227.7,26071.1,3235.1,26642.0,1025,1025,52173
593,99348,895,54.3,4.2,10.2,3.0,28.3,48598.5,3759.0,9129.0,2685.0,25328.5,428,428,41912
594,99349,6016,53.1,2.7,6.8,2.7,34.7,319449.6,16243.2,40908.8,16243.2,208755.2,2074,2074,53975
595,99350,10650,54.4,6.1,8.0,1.7,29.8,579360.0,64965.0,85200.0,18105.0,317370.0,5009,5009,56713
596,99352,24248,56.2,5.1,10.8,1.6,26.3,1362737.6,123664.8,261878.4,38796.8,637722.4,12153,12153,73901
597,99353,11723,60.9,2.4,10.7,1.1,25.0,713930.7,28135.2,125436.1,12895.3,293075.0,5260,5260,86651
598,99354,18353,51.2,6.3,12.6,0.8,29.1,939673.6,115623.9,231247.8,14682.4,534072.3,9264,9264,66031
599,99356,162,60.5,5.6,14.2,0.0,19.8,9801.0,907.2,2300.4,0.0,3207.6,72,72,50000
600,99357,3187,43.3,1.8,4.1,0.7,50.1,137997.1,5736.6,13066.7,2230.9,159668.7,941,941,46938
601,99359,138,55.1,13.0,18.1,2.2,11.6,7603.8,1794.0,2497.8,303.6,1600.8,89,89,30750
602,99360,1200,61.8,2.3,7.3,0.3,28.3,74160.0,2760.0,8760.0,360.0,33960.0,483,483,82344
603,99361,1516,56.1,7.1,13.3,0.4,23.2,85047.6,10763.6,20162.8,606.4,35171.2,758,758,60588
604,99362,34110,46.5,5.4,11.3,2.2,34.6,1586115.0,184194.0,385443.0,75042.0,1180206.0,15277,15277,52537
605,99363,160,70.6,0.0,9.4,0.0,20.0,11296.0,0.0,1504.0,0.0,3200.0,64,64,0
606,99371,349,66.2,10.6,8.0,0.3,14.9,23103.8,3699.4,2792.0,104.7,5200.1,191,191,57917
607,99401,211,55.9,21.3,18.0,0.0,4.7,11794.9,4494.3,3798.0,0.0,991.7,80,80,61538
608,99402,1418,63.1,4.4,14.9,0.8,16.8,89475.8,6239.2,21128.2,1134.4,23822.4,693,693,55369
609,99403,16815,50.4,6.5,17.3,1.9,23.9,847476.0,109297.5,290899.5,31948.5,401878.5,8488,8488,47023
