zipcode,Population,Married(%),Widowed(%),Divorced(%),Separated(%),Never_Married(%),Married,Widowed,Divorced,Separated,Never_Married,Number_Households,Percent_Distribution_Housesholds,Median_Income_Households
83501,28808,52.0,6.7,13.5,1.1,26.7,14980,1930,3889,316,7691,14476,14476,52285
83822,1625,52.1,8.2,14.2,2.0,23.5,846,133,230,32,381,799,799,45293
83824,249,39.0,9.6,15.7,3.6,32.1,97,23,39,8,79,99,99,32292
83832,1196,66.9,2.6,9.4,0.2,21.0,800,31,112,2,251,590,590,64375
83851,1339,48.8,9.0,16.5,2.8,22.9,653,120,220,37,306,649,649,37216
83855,1625,56.5,7.6,10.6,1.2,24.2,918,123,172,19,393,867,867,49177
83870,268,35.4,11.2,14.6,1.5,37.3,94,30,39,4,99,120,120,40536
83872,528,72.3,4.5,7.6,0.0,15.5,381,23,40,0,81,259,259,99886
97031,15231,51.4,5.8,10.4,1.2,31.3,7828,883,1584,182,4767,7227,7227,57655
97828,2610,56.6,10.5,13.7,1.5,17.6,1477,274,357,39,459,1417,1417,47694
97835,248,64.9,2.4,12.1,0.0,20.6,160,5,30,0,51,119,119,48854
97862,8836,51.6,6.3,14.4,1.1,26.6,4559,556,1272,97,2350,4238,4238,46297
98001,26042,52.6,3.9,11.2,1.2,31.1,13698,1015,2916,312,8099,11097,11097,77083
98002,26350,43.0,6.3,15.7,2.1,32.9,11330,1660,4136,553,8669,13111,13111,51086
98003,38961,41.0,6.5,12.9,1.8,37.9,15974,2532,5025,701,14766,18279,18279,53023
98004,29162,57.5,4.2,8.6,0.9,28.8,16768,1224,2507,262,8398,16006,16006,117321
98005,15603,59.2,3.6,10.6,0.9,25.7,9236,561,1653,140,4009,7761,7761,101134
98006,30302,63.4,4.2,7.8,0.8,23.8,19211,1272,2363,242,7211,13356,13356,126601
98007,23206,53.7,3.7,7.3,1.5,33.6,12461,858,1694,348,7797,10974,10974,87207
98008,20122,61.3,6.9,7.2,0.5,24.1,12334,1388,1448,100,4849,9075,9075,95783
98010,4189,60.4,2.1,11.5,0.8,25.1,2530,87,481,33,1051,1961,1961,90233
98011,26514,53.4,5.1,12.0,1.3,28.2,14158,1352,3181,344,7476,13183,13183,86490
98012,48422,60.8,3.1,10.1,1.0,25.0,29440,1501,4890,484,12105,22394,22394,93267
98014,6018,61.3,2.8,10.7,1.2,24.0,3689,168,643,72,1444,2762,2762,99769
98019,9355,62.4,2.7,7.7,0.6,26.5,5837,252,720,56,2479,4175,4175,120371
98020,17458,53.1,7.5,13.0,0.6,25.8,9270,1309,2269,104,4504,8650,8650,89775
98021,24307,63.1,4.6,8.3,1.1,22.8,15337,1118,2017,267,5541,10684,10684,110346
98022,17769,53.0,6.2,14.0,1.3,25.5,9417,1101,2487,230,4531,8520,8520,65296
98023,40570,52.8,3.9,9.8,2.5,31.1,21420,1582,3975,1014,12617,17803,17803,75824
98024,4940,68.3,1.4,10.3,0.7,19.3,3374,69,508,34,953,2153,2153,129053
98026,30823,53.5,4.7,10.3,1.4,30.1,16490,1448,3174,431,9277,14287,14287,83965
98027,23751,60.1,3.6,11.2,0.6,24.4,14274,855,2660,142,5795,11304,11304,108565
98028,17823,60.2,3.3,10.3,0.8,25.4,10729,588,1835,142,4527,8644,8644,96277
98029,20883,64.5,4.6,10.1,0.8,19.9,13469,960,2109,167,4155,10786,10786,112833
98030,28851,47.9,5.0,8.1,1.3,37.7,13819,1442,2336,375,10876,11967,11967,58666
98031,30602,51.1,4.2,9.5,1.9,33.4,15637,1285,2907,581,10221,12554,12554,73688
98032,29635,39.4,4.7,12.8,2.1,40.9,11676,1392,3793,622,12120,13752,13752,51696
98033,31664,57.7,3.5,11.0,1.6,26.2,18270,1108,3483,506,8295,16133,16133,117653
98034,35391,56.7,3.6,11.0,0.9,27.8,20066,1274,3893,318,9838,17481,17481,93520
98036,32052,52.4,4.7,10.6,1.7,30.6,16795,1506,3397,544,9807,14437,14437,72573
98037,23033,49.1,4.7,11.5,0.9,33.8,11309,1082,2648,207,7785,10514,10514,68715
98038,26463,62.0,3.7,10.8,0.8,22.7,16407,979,2858,211,6007,12190,12190,99098
98039,2490,74.7,4.2,5.8,0.3,15.1,1860,104,144,7,375,1175,1175,186484
98040,19841,63.9,6.5,8.3,0.7,20.7,12678,1289,1646,138,4107,9867,9867,136644
98042,38158,57.9,4.0,9.7,0.9,27.5,22093,1526,3701,343,10493,16408,16408,94770
98043,17108,48.4,4.6,14.5,1.6,30.9,8280,786,2480,273,5286,8216,8216,69727
98045,11297,65.5,1.9,9.6,1.1,21.8,7399,214,1084,124,2462,5254,5254,101078
98047,5304,50.6,4.3,10.6,1.5,33.0,2683,228,562,79,1750,2367,2367,54022
98050,461,76.4,0.0,0.0,0.0,23.6,352,0,0,0,108,179,179,134880
98051,3138,64.6,2.8,5.4,2.0,25.2,2027,87,169,62,790,1382,1382,87283
98052,52217,62.7,2.7,7.7,0.7,26.2,32740,1409,4020,365,13680,26051,26051,117303
98053,17051,70.4,4.9,7.5,0.8,16.4,12003,835,1278,136,2796,8184,8184,123548
98055,19382,48.0,5.9,11.0,2.3,32.8,9303,1143,2132,445,6357,9256,9256,68638
98056,29488,46.6,3.3,11.6,2.6,36.0,13741,973,3420,766,10615,13964,13964,78525
98057,10785,33.5,5.0,16.1,3.7,41.7,3612,539,1736,399,4497,5937,5937,44291
98058,34455,57.5,4.8,10.1,0.9,26.8,19811,1653,3479,310,9233,15758,15758,85717
98059,29797,59.9,3.4,8.9,1.0,26.9,17848,1013,2651,297,8015,13423,13423,97407
98065,10604,74.7,1.1,7.4,0.1,16.7,7921,116,784,10,1770,4951,4951,133481
98068,284,52.1,3.9,8.5,1.1,34.5,147,11,24,3,97,114,114,102500
98070,8316,56.0,7.3,14.0,1.7,21.0,4656,607,1164,141,1746,4407,4407,77724
98072,18815,59.1,4.2,9.7,0.8,26.2,11119,790,1825,150,4929,8839,8839,110302
98074,20547,73.6,2.3,3.5,0.2,20.4,15122,472,719,41,4191,9067,9067,160618
98075,18074,74.0,2.0,5.7,0.5,17.9,13374,361,1030,90,3235,7740,7740,163409
98077,11663,67.6,2.0,5.3,0.2,24.9,7884,233,618,23,2904,4795,4795,144193
98087,30277,47.7,2.7,13.7,1.8,34.1,14442,817,4147,544,10324,13607,13607,73739
98092,35500,52.8,3.4,10.4,1.5,31.8,18744,1207,3692,532,11289,15985,15985,81211
98101,12098,33.1,5.7,10.4,1.4,49.4,4004,689,1258,169,5976,8390,8390,68750
98102,23121,29.4,2.0,8.9,1.5,58.3,6797,462,2057,346,13479,15058,15058,83403
98103,45301,38.9,2.5,9.3,0.6,48.8,17622,1132,4212,271,22106,24189,24189,91740
98104,13784,26.1,6.0,12.8,1.4,53.7,3597,827,1764,192,7402,8004,8004,37610
98105,42941,26.0,1.4,4.7,0.6,67.4,11164,601,2018,257,28942,16007,16007,56015
98106,21090,41.3,4.8,13.9,2.3,37.7,8710,1012,2931,485,7950,10781,10781,62726
98107,21960,37.9,3.1,11.6,0.3,47.2,8322,680,2547,65,10365,12906,12906,83581
98108,19355,44.6,5.5,9.6,1.8,38.4,8632,1064,1858,348,7432,8639,8639,55314
98109,24984,36.1,2.7,8.9,0.6,51.7,9019,674,2223,149,12916,15090,15090,95719
98110,18942,64.4,4.4,11.6,0.5,19.0,12198,833,2197,94,3598,9679,9679,109341
98112,21337,46.8,2.9,9.0,1.1,40.2,9985,618,1920,234,8577,11264,11264,110051
98115,42749,49.3,3.2,8.9,0.5,38.1,21075,1367,3804,213,16287,21844,21844,100794
98116,21886,50.8,4.0,13.6,1.7,29.9,11118,875,2976,372,6543,12161,12161,100711
98117,27628,55.5,3.9,9.2,1.0,30.4,15333,1077,2541,276,8398,14448,14448,102519
98118,38377,44.0,5.1,10.8,2.4,37.7,16885,1957,4144,921,14468,16693,16693,62504
98119,22310,39.0,2.6,9.0,1.2,48.2,8700,580,2007,267,10753,12148,12148,85171
98121,15926,33.1,1.1,11.6,1.0,53.3,5271,175,1847,159,8488,11339,11339,94813
98122,33749,28.2,2.2,8.6,1.6,59.5,9517,742,2902,539,20080,17930,17930,72018
98125,34579,44.7,5.8,10.6,1.5,37.5,15456,2005,3665,518,12967,18649,18649,61014
98126,18800,48.9,5.0,13.3,1.7,31.0,9193,940,2500,319,5828,10062,10062,73698
98133,42048,43.4,6.2,13.6,1.3,35.5,18248,2606,5718,546,14927,21642,21642,60409
98134,827,9.7,8.8,12.9,1.0,67.6,80,72,106,8,559,207,207,58125
98136,13878,52.2,4.0,13.2,0.8,29.8,7244,555,1831,111,4135,7461,7461,97673
98144,26303,39.1,4.5,11.8,1.9,42.7,10284,1183,3103,499,11231,13021,13021,71628
98146,22249,47.7,3.6,10.8,2.4,35.4,10612,800,2402,533,7876,9908,9908,61160
98148,9004,45.9,6.1,11.7,2.4,33.9,4132,549,1053,216,3052,4463,4463,53342
98154,0,0.0,0.0,0.0,0.0,0.0,0,0,0,0,0,0,0,0
98155,28647,53.4,5.2,10.6,1.6,29.2,15297,1489,3036,458,8364,13377,13377,81405
98158,0,0.0,0.0,0.0,0.0,0.0,0,0,0,0,0,0,0,0
98164,127,64.6,0.0,23.6,0.0,11.8,82,0,29,0,14,85,85,"250,000+"
98166,17629,51.3,5.2,12.7,1.3,29.4,9043,916,2238,229,5182,8472,8472,76658
98168,25472,46.1,5.2,10.7,2.3,35.6,11742,1324,2725,585,9068,11236,11236,53992
98174,0,0.0,0.0,0.0,0.0,0.0,0,0,0,0,0,0,0,0
98177,17277,55.2,6.3,10.7,0.9,26.8,9536,1088,1848,155,4630,8312,8312,100036
98178,21778,43.1,6.1,10.8,2.5,37.5,9386,1328,2352,544,8166,9500,9500,72478
98188,21009,43.5,5.6,10.4,3.0,37.4,9138,1176,2184,630,7857,9517,9517,50231
98195,52,0.0,21.2,0.0,0.0,78.8,0,11,0,0,40,0,0,0
98198,30687,45.8,6.3,12.3,2.1,33.5,14054,1933,3774,644,10280,13549,13549,59843
98199,17925,56.6,3.7,8.5,0.7,30.4,10145,663,1523,125,5449,9518,9518,103309
98201,24634,36.5,5.6,19.6,2.0,36.4,8991,1379,4828,492,8966,12735,12735,47796
98203,28691,47.5,4.5,14.7,2.0,31.2,13628,1291,4217,573,8951,13372,13372,66950
98204,32267,38.5,4.8,16.7,2.7,37.3,12422,1548,5388,871,12035,16484,16484,48881
98205,10502,60.4,2.6,11.3,1.2,24.5,6343,273,1186,126,2572,4787,4787,85300
98207,1400,15.4,0.0,2.4,0.1,82.1,215,0,33,1,1149,0,0,0
98208,47113,51.1,3.7,12.0,1.8,31.3,24074,1743,5653,848,14746,20261,20261,82957
98220,509,27.5,0.0,0.0,21.0,51.5,139,0,0,106,262,220,220,51250
98221,18079,59.9,7.1,12.6,1.5,19.0,10829,1283,2277,271,3435,9379,9379,65026
98222,56,82.1,10.7,3.6,0.0,3.6,45,5,2,0,2,34,34,0
98223,34415,58.0,5.3,11.4,1.1,24.1,19960,1823,3923,378,8294,15718,15718,76555
98224,235,37.0,8.1,31.1,1.3,22.6,86,19,73,3,53,137,137,33958
98225,45308,30.8,3.7,9.9,1.2,54.5,13954,1676,4485,543,24692,20589,20589,41536
98226,34313,49.8,5.4,11.6,1.4,31.8,17087,1852,3980,480,10911,16588,16588,61658
98229,26305,50.3,3.9,10.4,2.1,33.3,13231,1025,2735,552,8759,12676,12676,60197
98230,13718,59.3,5.0,13.3,2.0,20.4,8134,685,1824,274,2798,7095,7095,64164
98232,3672,67.7,2.0,15.0,0.1,15.2,2485,73,550,3,558,1805,1805,71875
98233,12145,52.2,6.2,13.0,2.0,26.7,6339,752,1578,242,3242,6124,6124,56875
98235,77,61.0,6.5,16.9,15.6,0.0,46,5,13,12,0,60,60,23125
98236,5291,62.2,6.4,11.7,0.3,19.4,3291,338,619,15,1026,2671,2671,67594
98237,3584,48.6,6.8,18.1,1.3,25.3,1741,243,648,46,906,1681,1681,52235
98238,11,100.0,0.0,0.0,0.0,0.0,11,0,0,0,0,5,5,0
98239,6227,65.2,7.0,12.4,1.4,14.0,4060,435,772,87,871,3296,3296,64412
98240,2439,65.0,2.9,11.1,1.9,19.1,1585,70,270,46,465,1098,1098,67989
98241,1740,41.5,4.3,20.1,4.1,30.0,722,74,349,71,522,870,870,46591
98243,491,76.0,2.9,6.3,2.6,12.2,373,14,30,12,59,248,248,97885
98244,2449,48.1,3.7,15.6,0.9,31.8,1177,90,382,22,778,1167,1167,60464
98245,3357,51.1,5.9,17.8,2.0,23.3,1715,198,597,67,782,1850,1850,48396
98247,7970,58.5,3.3,9.1,2.7,26.4,4662,263,725,215,2104,3368,3368,58036
98248,19291,56.4,3.9,11.4,1.1,27.2,10880,752,2199,212,5247,8853,8853,65514
98249,3714,59.2,7.8,13.4,1.8,17.9,2198,289,497,66,664,1977,1977,59935
98250,6887,57.2,5.6,14.8,1.1,21.2,3939,385,1019,75,1460,3592,3592,64601
98251,3450,54.6,4.4,11.1,2.8,27.0,1883,151,382,96,931,1780,1780,70156
98252,7974,55.5,5.1,13.5,2.7,23.3,4425,406,1076,215,1857,3740,3740,78000
98253,1409,64.0,10.4,10.3,0.0,15.3,901,146,145,0,215,804,804,60132
98255,110,37.3,6.4,29.1,0.0,27.3,41,7,32,0,30,61,61,31750
98256,339,49.6,2.1,16.2,0.6,31.6,168,7,54,2,107,172,172,56667
98257,3484,53.6,9.2,14.7,1.1,21.3,1867,320,512,38,742,1761,1761,58750
98258,25547,55.6,2.8,14.0,1.1,26.6,14204,715,3576,281,6795,11236,11236,86012
98260,4964,64.2,7.1,12.6,1.7,14.5,3186,352,625,84,719,2663,2663,63613
98261,2306,65.1,5.1,11.2,1.0,17.6,1501,117,258,23,405,1258,1258,59643
98262,836,48.1,7.1,24.4,0.0,20.5,402,59,203,0,171,452,452,60192
98263,78,44.9,7.7,7.7,0.0,39.7,35,6,6,0,30,36,36,83500
98264,15948,61.8,5.5,10.3,0.5,21.9,9855,877,1642,79,3492,7351,7351,62810
98266,3130,43.1,4.8,13.5,2.6,36.1,1349,150,422,81,1129,1488,1488,38382
98267,395,40.5,15.9,12.2,1.8,29.6,159,62,48,7,116,211,211,12034
98270,39762,51.4,6.0,13.1,1.2,28.3,20437,2385,5208,477,11252,17652,17652,73803
98271,22618,55.0,4.9,12.7,1.1,26.2,12439,1108,2872,248,5925,10497,10497,72732
98272,24819,50.3,3.6,11.7,1.4,32.9,12483,893,2903,347,8165,9479,9479,85029
98273,23754,51.4,4.1,13.2,1.5,29.9,12209,973,3135,356,7102,10886,10886,53439
98274,14104,58.3,6.1,12.5,1.4,21.7,8222,860,1763,197,3060,6690,6690,65495
98275,17364,57.5,3.9,12.4,0.5,25.7,9984,677,2153,86,4462,8165,8165,100450
98276,394,64.7,2.5,8.4,0.8,23.6,254,9,33,3,92,170,170,75000
98277,30305,59.4,5.2,10.9,1.6,22.9,18001,1575,3303,484,6939,15859,15859,54690
98278,1796,6.6,0.0,0.0,0.0,93.4,118,0,0,0,1677,0,0,0
98279,586,60.4,8.9,10.4,0.7,19.6,353,52,60,4,114,315,315,52212
98280,431,59.2,5.3,17.4,0.5,17.6,255,22,74,2,75,240,240,62083
98281,1165,53.2,7.4,11.6,2.2,25.6,619,86,135,25,298,681,681,46298
98282,13944,63.8,5.3,11.3,1.0,18.5,8896,739,1575,139,2579,6757,6757,74221
98283,252,59.1,3.2,16.7,0.8,20.2,148,8,42,2,50,140,140,0
98284,21087,50.3,4.3,13.9,1.5,29.9,10606,906,2931,316,6305,9219,9219,57089
98286,160,56.3,9.4,12.5,0.0,21.9,90,15,20,0,35,88,88,63750
98288,143,29.4,9.8,33.6,2.1,25.2,42,14,48,3,36,93,93,38906
98290,27359,58.0,4.9,13.0,1.3,22.8,15868,1340,3556,355,6237,12285,12285,86696
98292,18124,60.1,5.8,10.5,1.4,22.2,10892,1051,1903,253,4023,8354,8354,77163
98294,5879,48.0,5.2,11.2,0.7,34.9,2821,305,658,41,2051,2735,2735,63370
98295,1923,58.3,4.1,13.2,0.5,23.9,1121,78,253,9,459,906,906,52381
98296,23486,61.5,3.5,9.2,1.3,24.5,14443,822,2160,305,5754,9940,9940,119044
98297,51,86.3,0.0,0.0,0.0,13.7,44,0,0,0,6,28,28,34000
98303,1292,65.4,5.7,9.9,2.0,17.0,844,73,127,25,219,670,670,65938
98304,624,54.8,7.2,14.7,0.0,23.2,341,44,91,0,144,313,313,53250
98305,280,41.8,15.0,14.3,0.0,28.9,117,42,40,0,80,151,151,0
98310,17585,42.5,7.7,16.6,0.8,32.4,7473,1354,2919,140,5697,8906,8906,53029
98311,22825,53.7,4.8,10.0,1.8,29.6,12257,1095,2282,410,6756,10164,10164,72840
98312,25177,52.5,4.3,14.7,2.5,26.0,13217,1082,3701,629,6546,12835,12835,60315
98314,2228,2.4,0.0,2.2,0.0,95.4,53,0,49,0,2125,13,13,218750
98315,4851,48.5,0.0,1.1,0.4,49.9,2352,0,53,19,2420,1269,1269,52153
98320,1045,49.4,12.8,18.1,2.1,17.6,516,133,189,21,183,540,540,45357
98321,12451,53.0,4.5,13.2,1.6,27.7,6599,560,1643,199,3448,5381,5381,80077
98323,601,54.9,5.0,9.7,0.7,29.8,329,30,58,4,179,263,263,71354
98325,1312,71.0,0.0,10.7,0.7,17.6,931,0,140,9,230,624,624,54697
98326,603,28.9,3.3,20.6,2.8,44.4,174,19,124,16,267,275,275,36950
98327,6612,67.3,3.9,9.6,0.8,18.3,4449,257,634,52,1209,3405,3405,78326
98328,7830,60.7,6.2,9.7,0.6,22.9,4752,485,759,46,1793,3810,3810,62768
98329,9121,58.4,4.0,13.4,1.8,22.4,5326,364,1222,164,2043,3857,3857,79253
98330,100,0.0,0.0,53.0,14.0,33.0,0,0,53,14,33,67,67,0
98331,5384,42.2,6.3,15.0,2.4,34.0,2272,339,807,129,1830,2542,2542,38359
98332,14599,60.9,7.0,10.0,1.1,21.1,8890,1021,1459,160,3080,6445,6445,97618
98333,3202,64.8,4.5,9.9,0.7,20.0,2074,144,316,22,640,1426,1426,93043
98335,20505,60.0,5.7,10.9,1.0,22.4,12303,1168,2235,205,4593,9749,9749,87522
98336,736,50.5,7.3,19.4,7.6,15.1,371,53,142,55,111,397,397,39315
98337,6121,31.1,3.2,17.5,3.1,45.1,1903,195,1071,189,2760,3225,3225,38945
98338,21239,57.7,4.9,12.0,1.5,23.9,12254,1040,2548,318,5076,9380,9380,73715
98339,2818,56.0,4.2,20.3,1.1,18.5,1578,118,572,30,521,1414,1414,47250
98340,2460,62.4,7.7,14.2,1.8,14.0,1535,189,349,44,344,1349,1349,57271
98342,1194,58.7,4.9,14.8,1.8,19.8,700,58,176,21,236,589,589,72125
98345,359,76.9,2.2,6.7,0.0,14.2,276,7,24,0,50,198,198,60714
98346,8546,58.7,3.7,11.0,1.6,25.1,5016,316,940,136,2145,3886,3886,79577
98349,3591,57.2,3.3,19.3,0.0,20.1,2054,118,693,0,721,1811,1811,56265
98350,298,37.9,5.7,12.8,4.7,38.9,112,16,38,14,115,130,130,36250
98351,681,70.6,4.3,7.2,0.0,17.9,480,29,49,0,121,387,387,52250
98353,35,100.0,0.0,0.0,0.0,0.0,35,0,0,0,0,17,17,0
98354,6033,46.3,9.1,15.1,0.5,29.0,2793,549,910,30,1749,2904,2904,71760
98355,712,43.4,13.3,34.8,0.0,8.4,309,94,247,0,59,379,379,26921
98356,1867,57.4,8.1,13.3,1.7,19.6,1071,151,248,31,365,939,939,38860
98357,1138,36.5,6.3,14.0,3.3,40.0,415,71,159,37,455,496,496,37857
98358,817,63.8,6.5,12.6,0.9,16.3,521,53,102,7,133,453,453,64159
98359,3960,54.5,5.5,10.2,0.6,29.2,2158,217,403,23,1156,1720,1720,76364
98360,10284,57.2,4.3,13.8,1.7,23.0,5882,442,1419,174,2365,4503,4503,81921
98361,674,45.1,2.8,27.7,1.6,22.7,303,18,186,10,152,406,406,35313
98362,19955,48.0,7.6,15.3,0.9,28.2,9578,1516,3053,179,5627,10220,10220,46872
98363,11514,50.2,5.9,14.9,1.3,27.9,5780,679,1715,149,3212,5614,5614,54059
98364,73,67.1,0.0,32.9,0.0,0.0,48,0,24,0,0,49,49,0
98365,4573,68.2,7.9,12.3,0.5,11.2,3118,361,562,22,512,2361,2361,55515
98366,26938,51.8,6.6,11.3,1.5,28.8,13953,1777,3043,404,7758,12581,12581,60109
98367,24338,56.2,5.0,10.8,1.8,26.1,13677,1216,2628,438,6352,10568,10568,77114
98368,13640,52.4,7.6,18.0,0.7,21.3,7147,1036,2455,95,2905,7175,7175,52410
98370,25130,59.9,5.2,11.8,1.0,22.2,15052,1306,2965,251,5578,11972,11972,76055
98371,17382,50.5,7.2,13.8,1.7,26.8,8777,1251,2398,295,4658,8258,8258,66423
98372,20609,50.3,4.9,14.9,1.5,28.5,10366,1009,3070,309,5873,9527,9527,69865
98373,18626,50.4,3.4,13.2,1.6,31.4,9387,633,2458,298,5848,8632,8632,68333
98374,30802,54.5,5.5,10.6,1.2,28.2,16787,1694,3265,369,8686,13686,13686,78936
98375,22741,57.6,3.7,10.0,1.6,27.0,13098,841,2274,363,6140,9799,9799,78176
98376,1592,57.7,6.7,13.6,3.9,18.2,918,106,216,62,289,862,862,49032
98377,1631,56.8,8.6,14.8,2.4,17.5,926,140,241,39,285,817,817,41984
98380,3587,61.8,4.9,11.1,3.4,18.8,2216,175,398,121,674,1790,1790,83783
98381,296,70.3,3.7,8.4,2.0,15.5,208,10,24,5,45,167,167,0
98382,24964,53.8,9.1,16.1,1.3,19.7,13430,2271,4019,324,4917,13159,13159,48660
98383,17356,53.6,6.3,9.2,2.3,28.6,9302,1093,1596,399,4963,8375,8375,73385
98385,251,41.8,13.9,13.9,2.8,27.5,104,34,34,7,69,118,118,60000
98387,36189,53.3,4.7,10.4,1.9,29.7,19288,1700,3763,687,10748,15611,15611,65985
98388,5530,53.1,3.7,16.3,0.3,26.7,2936,204,901,16,1476,2527,2527,70523
98390,8921,44.8,5.7,16.1,2.0,31.3,3996,508,1436,178,2792,4469,4469,60022
98391,38893,56.7,3.6,10.7,1.2,27.8,22052,1400,4161,466,10812,16756,16756,92384
98392,2446,44.3,4.5,16.6,2.0,32.5,1083,110,406,48,794,1299,1299,59563
98394,1208,60.6,5.4,12.5,0.7,20.8,732,65,151,8,251,496,496,60648
98396,536,56.7,2.8,10.4,2.4,27.6,303,15,55,12,147,260,260,65313
98402,6153,22.9,2.9,23.0,3.2,48.0,1409,178,1415,196,2953,3601,3601,45797
98403,6934,35.9,1.7,17.9,0.7,43.8,2489,117,1241,48,3037,4192,4192,56012
98404,26350,42.2,5.0,14.6,2.4,35.8,11119,1317,3847,632,9433,11128,11128,49047
98405,19424,36.4,5.7,15.9,2.3,39.7,7070,1107,3088,446,7711,9614,9614,48411
98406,19321,47.3,6.1,13.6,1.5,31.5,9138,1178,2627,289,6086,9713,9713,71934
98407,18278,49.2,5.0,16.3,1.7,27.8,8992,913,2979,310,5081,9274,9274,71059
98408,15749,39.4,7.2,14.0,3.2,36.2,6205,1133,2204,503,5701,7252,7252,50768
98409,19418,35.8,5.1,16.4,3.4,39.3,6951,990,3184,660,7631,9860,9860,49464
98416,1013,0.0,0.0,0.0,0.0,100.0,0,0,0,0,1013,0,0,0
98418,7984,36.0,7.9,17.4,2.2,36.6,2874,630,1389,175,2922,3864,3864,45262
98421,1090,15.0,1.1,6.4,2.8,74.7,163,11,69,30,814,0,0,0
98422,17093,57.9,3.4,11.2,1.5,26.1,9896,581,1914,256,4461,7597,7597,90180
98424,8512,45.0,3.5,14.8,1.7,35.0,3830,297,1259,144,2979,4017,4017,61607
98430,0,0.0,0.0,0.0,0.0,0.0,0,0,0,0,0,0,0,0
98433,13076,58.1,0.0,3.1,0.7,38.1,7597,0,405,91,4981,4219,4219,44409
98438,498,5.8,0.0,4.0,0.0,90.2,28,0,19,0,449,5,5,0
98439,3730,49.7,2.9,9.4,2.2,35.8,1853,108,350,82,1335,1971,1971,35179
98443,4835,56.0,5.3,12.5,1.3,24.9,2707,256,604,62,1203,2185,2185,75270
98444,27447,36.0,5.4,14.8,2.3,41.5,9880,1482,4062,631,11390,12761,12761,41278
98445,24641,52.6,5.8,13.1,2.0,26.5,12961,1429,3227,492,6529,10992,10992,61647
98446,8389,51.2,5.1,14.3,1.5,28.0,4295,427,1199,125,2348,3749,3749,66646
98447,767,2.6,0.0,0.9,0.0,96.5,19,0,6,0,740,0,0,0
98465,5714,40.6,8.2,16.2,0.5,34.5,2319,468,925,28,1971,3103,3103,55544
98466,22375,46.9,5.0,14.9,1.3,31.9,10493,1118,3333,290,7137,11392,11392,57200
98467,13031,50.3,4.7,11.1,2.7,31.2,6554,612,1446,351,4065,6368,6368,61351
98498,24059,51.0,6.4,13.0,2.2,27.4,12270,1539,3127,529,6592,11441,11441,60723
98499,24223,43.2,5.7,14.8,3.6,32.7,10464,1380,3585,872,7920,12393,12393,39955
98501,34933,51.6,4.7,12.8,0.9,30.0,18025,1641,4471,314,10479,17145,17145,67664
98502,28305,46.3,4.7,13.3,1.3,34.5,13105,1330,3764,367,9765,13762,13762,62689
98503,31108,46.9,6.5,12.2,2.0,32.5,14589,2022,3795,622,10110,15243,15243,61336
98506,15105,49.4,5.7,15.7,1.0,28.2,7461,860,2371,151,4259,7945,7945,64566
98512,25057,53.1,5.1,12.9,1.5,27.5,13305,1277,3232,375,6890,11903,11903,71170
98513,27136,59.6,3.8,11.5,1.0,24.1,16173,1031,3120,271,6539,12639,12639,72521
98516,18675,63.3,4.5,11.5,1.0,19.8,11821,840,2147,186,3697,9149,9149,74767
98520,19131,44.0,6.2,16.0,1.5,32.3,8417,1186,3060,286,6179,8127,8127,44645
98524,3595,62.4,3.5,8.5,0.7,24.9,2243,125,305,25,895,1517,1517,66902
98526,177,49.7,4.0,11.3,1.7,33.3,87,7,20,3,58,90,90,43500
98527,281,54.4,20.3,5.0,0.0,20.3,152,57,14,0,57,155,155,40063
98528,8270,51.0,4.7,15.8,1.6,27.0,4217,388,1306,132,2232,3486,3486,57520
98530,471,50.1,6.8,11.7,4.7,26.8,235,32,55,22,126,231,231,41458
98531,19865,45.7,7.2,16.3,2.5,28.4,9078,1430,3237,496,5641,9913,9913,41613
98532,19566,53.8,6.7,12.1,1.7,25.7,10526,1310,2367,332,5028,8981,8981,55257
98533,402,54.2,13.2,21.4,2.2,9.0,217,53,86,8,36,206,206,51750
98535,534,11.2,0.0,43.6,0.0,45.1,59,0,232,0,240,285,285,0
98536,104,41.3,58.7,0.0,0.0,0.0,42,61,0,0,0,57,57,24213
98537,1756,53.5,10.4,9.9,0.9,25.5,939,182,173,15,447,838,838,58571
98538,253,64.0,7.1,11.1,0.0,17.8,161,17,28,0,45,117,117,63750
98541,8114,52.2,5.7,13.9,0.8,27.4,4235,462,1127,64,2223,3811,3811,47813
98542,482,64.9,7.5,8.3,2.3,17.0,312,36,40,11,81,214,214,56667
98544,35,51.4,0.0,0.0,0.0,48.6,17,0,0,0,17,9,9,0
98546,2717,49.6,5.7,17.4,5.0,22.3,1347,154,472,135,605,1164,1164,73750
98547,1281,40.3,10.5,18.7,3.0,27.6,516,134,239,38,353,666,666,32083
98548,1907,52.0,13.5,20.3,4.1,10.1,991,257,387,78,192,1051,1051,37476
98550,9228,45.7,9.9,18.2,1.7,24.5,4217,913,1679,156,2260,4798,4798,43012
98552,537,51.6,7.4,7.1,2.2,31.7,277,39,38,11,170,235,235,51979
98555,419,72.8,27.2,0.0,0.0,0.0,305,113,0,0,0,234,234,0
98557,2583,57.3,11.2,11.9,0.7,18.8,1480,289,307,18,485,1311,1311,55643
98558,251,72.1,13.5,12.4,0.0,2.0,180,33,31,0,5,108,108,83802
98559,49,100.0,0.0,0.0,0.0,0.0,49,0,0,0,0,24,24,0
98560,173,38.2,8.7,5.8,0.0,47.4,66,15,10,0,82,89,89,68472
98562,0,0.0,0.0,0.0,0.0,0.0,0,0,0,0,0,0,0,0
98563,6223,47.7,7.7,15.1,0.7,28.8,2968,479,939,43,1792,2898,2898,63567
98564,1945,60.6,7.1,14.1,3.6,14.6,1178,138,274,70,283,1037,1037,46458
98565,563,63.4,3.2,12.3,0.0,21.1,356,18,69,0,118,220,220,56800
98568,2298,49.5,6.0,15.2,1.2,28.1,1137,137,349,27,645,1108,1108,50000
98569,5523,54.6,5.2,19.8,3.2,17.2,3015,287,1093,176,949,2981,2981,41431
98570,3633,58.3,5.9,7.2,4.2,24.3,2118,214,261,152,882,1643,1643,53675
98571,488,40.4,10.9,0.0,0.0,48.8,197,53,0,0,238,132,132,70873
98572,673,51.6,3.4,17.7,0.0,27.3,347,22,119,0,183,285,285,57232
98575,146,54.1,14.4,11.0,0.7,19.9,78,21,16,1,29,80,80,50000
98576,4189,56.5,5.7,15.7,1.0,21.2,2366,238,657,41,888,2017,2017,56128
98577,5331,51.4,6.3,14.4,1.3,26.6,2740,335,767,69,1418,2428,2428,46208
98579,10825,56.5,6.3,11.9,1.9,23.4,6116,681,1288,205,2533,4757,4757,68817
98580,9769,54.7,5.4,10.6,3.6,25.7,5343,527,1035,351,2510,4162,4162,60972
98581,349,56.7,11.5,25.8,2.6,3.4,197,40,90,9,11,208,208,36776
98582,216,75.0,16.2,8.8,0.0,0.0,162,34,19,0,0,125,125,83977
98583,93,54.8,15.1,21.5,0.0,8.6,50,14,19,0,7,49,49,36875
98584,30637,44.6,7.4,15.9,2.0,30.1,13664,2267,4871,612,9221,13508,13508,51183
98585,597,39.7,3.7,27.5,3.9,25.3,237,22,164,23,151,351,351,71477
98586,1427,42.1,7.8,19.0,4.1,27.0,600,111,271,58,385,689,689,37292
98587,674,25.7,6.8,16.3,2.8,48.4,173,45,109,18,326,267,267,33250
98588,1429,62.1,9.2,11.1,2.5,15.0,887,131,158,35,214,751,751,55844
98589,6000,52.9,5.3,16.6,1.1,24.2,3174,318,996,66,1452,2796,2796,58750
98590,423,65.5,4.5,8.3,0.7,21.0,277,19,35,2,88,208,208,41042
98591,2795,66.0,6.0,7.8,3.3,16.9,1844,167,218,92,472,1376,1376,46310
98592,1156,72.4,5.7,11.6,0.0,10.3,836,65,134,0,119,566,566,59079
98593,1006,52.9,10.3,9.7,1.7,25.3,532,103,97,17,254,444,444,45000
98595,2256,39.8,9.1,20.8,2.5,27.8,897,205,469,56,627,1256,1256,39679
98596,5852,55.8,6.4,11.0,2.6,24.2,3265,374,643,152,1416,2587,2587,45495
98597,17700,53.4,5.3,12.7,1.2,27.5,9451,938,2247,212,4867,8079,8079,58099
98601,2334,65.9,3.7,10.0,0.0,20.4,1538,86,233,0,476,1066,1066,61071
98602,121,37.2,18.2,31.4,0.0,13.2,45,22,37,0,15,51,51,43229
98603,883,77.2,1.4,11.1,1.1,9.2,681,12,98,9,81,456,456,61528
98604,27963,61.6,4.9,9.0,0.9,23.6,17225,1370,2516,251,6599,11970,11970,76193
98605,918,56.1,6.5,12.4,1.6,23.3,514,59,113,14,213,404,404,53864
98606,7379,63.5,5.1,10.1,0.6,20.7,4685,376,745,44,1527,3137,3137,92557
98607,24633,60.4,3.3,10.4,1.1,24.8,14878,812,2561,270,6108,10744,10744,96842
98610,2558,51.3,8.5,12.7,1.1,26.4,1312,217,324,28,675,1230,1230,38615
98611,8085,61.3,6.6,11.9,1.9,18.2,4956,533,962,153,1471,3892,3892,60854
98612,2418,54.8,5.5,15.8,1.8,22.0,1325,132,382,43,531,1213,1213,50175
98613,285,58.2,9.5,9.8,0.0,22.5,165,27,27,0,64,127,127,53125
98614,131,39.7,6.9,34.4,0.0,19.1,52,9,45,0,25,66,66,0
98616,146,100.0,0.0,0.0,0.0,0.0,146,0,0,0,0,73,73,0
98617,1273,55.5,9.3,16.5,2.0,16.6,706,118,210,25,211,500,500,66757
98619,356,59.8,11.0,11.0,2.5,15.7,212,39,39,8,55,192,192,41250
98620,6242,53.2,7.7,16.7,1.5,20.8,3320,480,1042,93,1298,2969,2969,42318
98621,366,57.1,13.7,12.6,0.8,15.8,208,50,46,2,57,190,190,41250
98624,1371,55.4,8.8,11.2,3.2,21.4,759,120,153,43,293,716,716,38269
98625,5536,58.1,6.2,10.2,2.8,22.7,3216,343,564,155,1256,2502,2502,71410
98626,19318,49.5,6.6,13.8,2.3,27.8,9562,1274,2665,444,5370,9315,9315,49632
98628,321,49.2,7.2,15.9,0.9,26.8,157,23,51,2,86,143,143,33625
98629,6146,67.7,4.7,8.4,0.7,18.5,4160,288,516,43,1137,2730,2730,85722
98631,3181,51.6,6.8,17.0,1.0,23.6,1641,216,540,31,750,1734,1734,36369
98632,40364,47.9,7.3,15.1,2.7,26.9,19334,2946,6094,1089,10857,20148,20148,42144
98635,1565,45.6,15.4,17.3,0.0,21.7,713,241,270,0,339,753,753,45711
98638,1104,48.1,12.0,10.1,1.2,28.7,531,132,111,13,316,516,516,56667
98639,948,49.4,6.9,14.8,0.0,29.0,468,65,140,0,274,476,476,56875
98640,4038,59.0,6.8,19.5,2.2,12.5,2382,274,787,88,504,1964,1964,33724
98641,20,100.0,0.0,0.0,0.0,0.0,20,0,0,0,0,9,9,0
98642,15172,63.4,3.0,8.9,1.2,23.5,9619,455,1350,182,3565,6700,6700,93360
98643,354,62.1,11.6,12.4,0.0,13.8,219,41,43,0,48,187,187,64438
98644,186,45.7,9.7,13.4,10.2,21.0,85,18,24,18,39,111,111,29934
98645,1030,59.3,7.3,8.9,2.3,22.1,610,75,91,23,227,464,464,60000
98647,271,59.0,0.0,17.3,7.4,16.2,159,0,46,20,43,149,149,19297
98648,2521,49.9,7.1,18.0,1.8,23.3,1257,178,453,45,587,1288,1288,49894
98649,906,61.7,3.1,15.6,3.9,15.8,559,28,141,35,143,388,388,56944
98650,769,70.5,5.5,16.3,0.0,7.8,542,42,125,0,59,342,342,62381
98651,716,76.4,8.1,6.1,0.0,9.4,547,57,43,0,67,367,367,66250
98660,10450,38.0,4.0,17.7,3.1,37.1,3971,418,1849,323,3876,5417,5417,48032
98661,36670,43.5,4.1,16.1,2.8,33.5,15951,1503,5903,1026,12284,18099,18099,48354
98662,25871,50.1,7.1,12.4,2.3,28.2,12961,1836,3208,595,7295,12258,12258,58713
98663,11333,41.5,5.5,19.7,2.6,30.7,4703,623,2232,294,3479,5902,5902,54943
98664,17935,46.7,6.8,15.5,2.1,29.0,8375,1219,2779,376,5201,8836,8836,57330
98665,21605,51.4,3.6,13.2,2.4,29.3,11104,777,2851,518,6330,9809,9809,59891
98670,37,83.8,16.2,0.0,0.0,0.0,31,5,0,0,0,22,22,31250
98671,18435,57.5,4.5,12.7,0.8,24.5,10600,829,2341,147,4516,8469,8469,78307
98672,5349,59.9,4.9,12.4,0.1,22.6,3204,262,663,5,1208,2558,2558,60981
98673,457,42.5,5.7,14.9,2.2,34.8,194,26,68,10,159,201,201,36250
98674,9948,53.9,5.3,13.7,2.5,24.6,5361,527,1362,248,2447,4384,4384,67929
98675,5145,56.2,1.8,11.9,1.4,28.8,2891,92,612,72,1481,1949,1949,70015
98682,43597,52.8,4.4,11.8,1.9,29.0,23019,1918,5144,828,12643,18990,18990,67569
98683,27587,51.2,7.0,12.9,1.5,27.3,14124,1931,3558,413,7531,13704,13704,66733
98684,22368,52.1,5.2,10.4,2.9,29.4,11653,1163,2326,648,6576,10240,10240,63653
98685,22958,60.9,4.1,9.3,1.0,24.7,13981,941,2135,229,5670,10297,10297,89463
98686,15760,59.8,3.8,10.6,1.5,24.3,9424,598,1670,236,3829,7356,7356,78411
98801,34089,47.8,6.4,12.5,1.7,31.6,16294,2181,4261,579,10772,15362,15362,55353
98802,23367,55.3,5.4,10.6,1.4,27.4,12921,1261,2476,327,6402,10861,10861,61895
98811,30,53.3,0.0,46.7,0.0,0.0,15,0,14,0,0,22,22,0
98812,3794,54.4,8.9,4.9,1.5,30.3,2063,337,185,56,1149,1557,1557,41188
98813,2127,52.6,4.2,7.5,3.0,32.8,1118,89,159,63,697,885,885,44030
98814,396,62.9,6.6,14.6,0.0,15.9,249,26,57,0,62,248,248,46500
98815,6007,58.7,4.5,11.1,0.3,25.4,3526,270,666,18,1525,2658,2658,60952
98816,5345,52.0,3.9,16.5,3.4,24.2,2779,208,881,181,1293,2557,2557,49792
98817,122,57.4,0.0,28.7,0.0,13.9,70,0,35,0,16,53,53,66250
98819,220,62.3,4.1,15.5,0.0,18.2,137,9,34,0,40,146,146,31250
98821,251,56.2,0.0,0.0,0.0,43.8,141,0,0,0,109,182,182,0
98822,1634,57.2,5.3,16.8,3.0,17.7,934,86,274,49,289,747,747,42284
98823,8759,56.0,6.2,11.8,0.3,25.8,4905,543,1033,26,2259,3880,3880,61636
98824,309,53.4,2.6,1.6,0.0,42.4,165,8,4,0,131,98,98,42500
98826,5970,62.9,6.5,11.1,0.7,18.8,3755,388,662,41,1122,2963,2963,51942
98827,263,46.8,0.0,7.2,0.0,46.0,123,0,18,0,120,79,79,0
98828,2070,58.8,5.5,10.0,0.6,25.1,1217,113,207,12,519,826,826,63793
98829,587,60.0,0.0,6.5,0.9,32.7,352,0,38,5,191,258,258,50192
98830,468,69.4,2.8,15.0,0.0,12.8,324,13,70,0,59,266,266,54250
98831,2337,58.5,1.8,17.5,1.2,21.2,1367,42,408,28,495,1202,1202,68670
98832,228,57.5,6.1,4.4,0.0,32.0,131,13,10,0,72,87,87,97917
98833,133,73.7,0.0,12.0,0.0,14.3,98,0,15,0,19,59,59,0
98834,144,41.0,6.9,18.1,0.0,34.0,59,9,26,0,48,83,83,41563
98836,848,55.1,0.0,5.5,0.0,39.4,467,0,46,0,334,254,254,67083
98837,31862,48.8,5.8,14.5,1.9,29.1,15548,1847,4619,605,9271,14792,14792,51977
98840,3711,47.9,6.8,15.4,1.4,28.6,1777,252,571,51,1061,1913,1913,38393
98841,6953,55.2,6.4,12.5,2.6,23.3,3838,444,869,180,1620,3690,3690,47938
98843,1510,62.2,4.0,6.6,0.7,26.4,939,60,99,10,398,656,656,52292
98844,3972,56.2,5.7,14.8,0.9,22.4,2232,226,587,35,889,2117,2117,39915
98845,235,61.7,5.1,10.6,1.3,21.3,144,11,24,3,50,113,113,48250
98846,949,55.2,5.7,10.2,1.1,27.8,523,54,96,10,263,479,479,42330
98847,1372,50.2,3.0,10.1,2.4,34.3,688,41,138,32,470,582,582,43589
98848,8941,51.9,3.3,6.3,3.7,34.8,4640,295,563,330,3111,3481,3481,55563
98849,976,59.5,8.9,15.6,0.9,15.1,580,86,152,8,147,501,501,50274
98850,1457,48.1,7.5,19.1,2.7,22.6,700,109,278,39,329,659,659,47457
98851,3403,53.9,10.8,15.2,2.7,17.5,1834,367,517,91,595,1799,1799,40116
98852,7,85.7,0.0,0.0,0.0,14.3,5,0,0,0,1,5,5,33750
98853,16,87.5,0.0,12.5,0.0,0.0,14,0,2,0,0,9,9,0
98855,4896,57.6,7.8,14.3,1.4,19.0,2820,381,700,68,930,2472,2472,40796
98856,2335,58.6,2.9,13.6,2.1,22.9,1368,67,317,49,534,1265,1265,36229
98857,2670,53.0,5.8,9.3,2.3,29.6,1415,154,248,61,790,1190,1190,44375
98858,1714,55.4,9.1,13.8,0.6,21.1,949,155,236,10,361,856,856,43565
98859,155,46.5,11.6,0.0,0.0,41.9,72,17,0,0,64,120,120,0
98860,263,41.8,16.0,19.4,5.7,17.1,109,42,51,14,44,149,149,41875
98862,1785,65.6,5.8,13.3,2.4,12.8,1170,103,237,42,228,992,992,65603
98901,23195,40.4,4.8,13.8,2.4,38.7,9370,1113,3200,556,8976,10124,10124,38579
98902,35115,42.3,6.2,11.7,3.3,36.4,14853,2177,4108,1158,12781,16584,16584,41432
98903,11052,52.0,5.1,12.7,3.1,27.1,5747,563,1403,342,2995,5191,5191,47215
98908,29939,53.3,6.6,12.3,1.1,26.6,15957,1975,3682,329,7963,14472,14472,58801
98921,303,65.3,0.0,34.7,0.0,0.0,197,0,105,0,0,150,150,28594
98922,5684,53.7,4.1,16.3,1.4,24.5,3052,233,926,79,1392,2866,2866,53806
98923,933,61.5,1.6,14.7,0.0,22.2,573,14,137,0,207,362,362,52803
98925,517,56.5,4.6,22.2,2.5,14.1,292,23,114,12,72,284,284,63421
98926,27605,40.2,4.0,9.1,0.7,46.0,11097,1104,2512,193,12698,12817,12817,51473
98929,0,0.0,0.0,0.0,0.0,0.0,0,0,0,0,0,0,0,0
98930,11779,48.2,4.0,8.5,2.7,36.5,5677,471,1001,318,4299,4938,4938,46188
98932,3693,47.7,1.9,10.4,1.8,38.2,1761,70,384,66,1410,1344,1344,47302
98933,884,48.8,4.2,7.6,1.4,38.1,431,37,67,12,336,357,357,51442
98934,808,49.6,6.8,13.1,3.8,26.6,400,54,105,30,214,426,426,44167
98935,2511,47.5,4.9,6.5,3.3,37.9,1192,123,163,82,951,962,962,40096
98936,4387,60.5,3.8,7.4,0.9,27.4,2654,166,324,39,1202,1842,1842,56769
98937,3120,67.7,5.4,9.9,1.0,16.0,2112,168,308,31,499,1520,1520,55870
98938,2523,45.4,3.1,6.2,6.3,39.0,1145,78,156,158,983,810,810,76053
98939,77,41.6,23.4,11.7,0.0,23.4,32,18,9,0,18,44,44,0
98940,382,51.6,0.0,7.1,0.0,41.4,197,0,27,0,158,169,169,61484
98941,557,43.1,9.7,17.6,2.2,27.5,240,54,98,12,153,288,288,54853
98942,13501,59.1,5.6,11.0,1.6,22.6,7979,756,1485,216,3051,6420,6420,60100
98943,778,40.0,4.6,20.4,0.0,35.0,311,35,158,0,272,395,395,59911
98944,15497,49.4,5.0,7.4,1.4,36.7,7655,774,1146,216,5687,6041,6041,43434
98946,449,61.7,1.6,16.5,2.0,18.3,277,7,74,8,82,229,229,74063
98947,2415,57.5,4.4,7.1,1.4,29.6,1388,106,171,33,714,862,862,49697
98948,9062,45.1,4.1,8.6,3.3,39.0,4086,371,779,299,3534,3532,3532,43106
98950,245,49.0,0.0,3.7,2.4,44.9,120,0,9,5,110,73,73,88036
98951,9654,44.6,5.4,7.7,3.3,39.1,4305,521,743,318,3774,3677,3677,44729
98952,1688,32.8,4.7,10.4,4.0,48.2,553,79,175,67,813,560,560,45139
98953,5421,52.0,5.3,10.1,2.5,30.0,2818,287,547,135,1626,2171,2171,65614
99001,5834,30.0,2.9,20.1,4.8,42.2,1750,169,1172,280,2461,1410,1410,44674
99003,3929,68.7,5.4,8.7,0.9,16.2,2699,212,341,35,636,1843,1843,70884
99004,17688,40.6,3.1,7.7,0.6,48.0,7181,548,1361,106,8490,7465,7465,45410
99005,7188,66.7,2.1,8.2,0.7,22.4,4794,150,589,50,1610,2972,2972,92247
99006,10134,58.8,3.8,14.3,1.2,21.8,5958,385,1449,121,2209,4583,4583,60509
99008,846,56.4,3.0,3.2,3.1,34.4,477,25,27,26,291,239,239,66831
99009,2996,57.6,8.7,9.9,0.2,23.5,1725,260,296,5,704,1320,1320,60893
99011,2000,61.3,1.9,1.1,0.3,35.6,1226,38,22,6,712,733,733,65220
99012,614,60.1,5.0,20.5,1.0,13.4,369,30,125,6,82,321,321,54028
99013,1252,42.1,9.9,14.5,3.2,30.3,527,123,181,40,379,615,615,55038
99016,10389,59.8,5.3,13.8,0.9,20.1,6212,550,1433,93,2088,5247,5247,58454
99017,123,69.1,7.3,8.1,0.0,15.4,84,8,9,0,18,64,64,42308
99018,231,72.7,11.3,3.9,0.0,12.1,167,26,9,0,27,117,117,55243
99019,8379,61.4,3.8,14.1,2.0,18.7,5144,318,1181,167,1566,4401,4401,75027
99020,0,0.0,0.0,0.0,0.0,0.0,0,0,0,0,0,0,0,0
99021,7259,61.9,5.0,13.9,0.5,18.7,4493,362,1009,36,1357,3433,3433,63791
99022,7408,53.3,5.3,13.6,2.2,25.7,3948,392,1007,162,1903,3350,3350,57349
99023,520,54.2,6.5,11.9,0.0,27.3,281,33,61,0,141,209,209,83047
99025,4302,64.3,4.6,8.9,1.2,21.0,2766,197,382,51,903,1980,1980,68710
99026,7969,66.8,4.4,11.0,1.4,16.4,5323,350,876,111,1306,3624,3624,69555
99027,4951,59.4,6.6,12.8,0.4,20.8,2940,326,633,19,1029,2258,2258,63098
99029,890,59.6,8.4,9.6,0.0,22.5,530,74,85,0,200,459,459,62031
99030,828,67.8,1.0,11.1,2.3,17.9,561,8,91,19,148,428,428,63796
99031,997,63.0,1.8,11.3,5.7,18.2,628,17,112,56,181,506,506,48500
99032,565,56.3,8.3,16.3,0.0,19.1,318,46,92,0,107,293,293,35924
99033,825,58.3,10.5,12.8,1.6,16.7,480,86,105,13,137,383,383,53250
99034,1,0.0,0.0,0.0,100.0,0.0,0,0,0,1,0,0,0,0
99036,1159,62.1,4.3,12.0,1.6,19.9,719,49,139,18,230,567,567,72159
99037,11423,56.6,7.2,9.2,1.5,25.4,6465,822,1050,171,2901,5576,5576,58065
99039,60,41.7,0.0,20.0,0.0,38.3,25,0,12,0,22,33,33,52679
99040,564,29.3,15.1,16.8,0.0,38.8,165,85,94,0,218,292,292,26833
99101,1082,57.9,10.6,12.8,0.6,18.1,626,114,138,6,195,549,549,38583
99102,463,53.1,3.0,14.3,0.0,29.6,245,13,66,0,137,249,249,37946
99103,402,69.2,5.0,10.4,1.0,14.4,278,20,41,4,57,205,205,61375
99105,37,64.9,13.5,10.8,0.0,10.8,24,4,3,0,3,21,21,0
99109,4455,51.5,8.0,12.6,1.9,26.0,2294,356,561,84,1158,2192,2192,40678
99110,1085,50.5,4.1,17.1,7.4,20.9,547,44,185,80,226,522,522,31458
99111,3553,52.9,8.8,16.6,0.5,21.2,1879,312,589,17,753,1858,1858,52792
99113,612,70.9,3.6,10.6,0.0,14.9,433,22,64,0,91,328,328,63125
99114,10244,53.6,8.5,13.3,0.9,23.7,5490,870,1362,92,2427,5123,5123,44658
99115,1040,59.1,4.7,10.0,1.7,24.4,614,48,104,17,253,473,473,57813
99116,1343,53.3,5.4,13.5,1.0,26.9,715,72,181,13,361,729,729,52917
99117,367,63.5,6.5,7.9,5.7,16.3,233,23,28,20,59,190,190,42500
99118,693,43.6,5.6,12.3,0.6,38.0,302,38,85,4,263,287,287,42578
99119,999,56.3,3.6,8.5,0.4,31.2,562,35,84,3,311,493,493,37332
99121,86,65.1,0.0,23.3,0.0,11.6,55,0,20,0,9,41,41,28472
99122,3002,60.3,6.5,12.6,1.3,19.3,1810,195,378,39,579,1564,1564,53452
99123,838,53.5,5.3,20.8,1.1,19.5,448,44,174,9,163,442,442,60208
99124,262,35.9,6.9,15.6,3.1,38.5,94,18,40,8,100,143,143,40809
99125,441,57.4,5.0,15.9,0.7,21.1,253,22,70,3,93,239,239,45417
99126,741,60.5,3.2,13.4,4.0,18.9,448,23,99,29,140,371,371,60875
99128,200,77.0,1.5,9.0,1.5,11.0,154,3,18,3,22,95,95,64375
99129,612,53.4,3.8,17.6,2.5,22.7,326,23,107,15,138,299,299,41250
99130,637,55.6,8.3,19.3,1.6,15.2,354,52,122,10,96,354,354,56833
99131,155,74.2,3.2,12.3,0.0,10.3,115,4,19,0,15,86,86,45000
99133,1416,47.7,8.3,22.4,0.4,21.1,675,117,317,5,298,719,719,41602
99134,445,69.9,3.1,10.1,1.1,15.7,311,13,44,4,69,234,234,37188
99135,272,69.9,1.8,5.1,0.4,22.8,190,4,13,1,62,124,124,71071
99136,23,26.1,21.7,21.7,8.7,21.7,6,4,4,2,4,12,12,0
99137,336,64.0,3.0,14.6,1.2,17.3,215,10,49,4,58,180,180,48611
99138,981,35.6,7.0,15.7,4.2,37.5,349,68,154,41,367,442,442,36196
99139,1190,65.0,5.2,8.0,0.1,21.8,773,61,95,1,259,589,589,51250
99140,341,39.3,5.9,16.7,5.3,32.8,134,20,56,18,111,159,159,28750
99141,4282,58.3,7.6,13.9,1.4,18.8,2496,325,595,59,805,2173,2173,50078
99143,556,63.3,6.3,13.5,0.7,16.2,351,35,75,3,90,301,301,44306
99144,19,78.9,0.0,0.0,0.0,21.1,14,0,0,0,4,8,8,0
99146,62,41.9,4.8,11.3,0.0,41.9,25,2,7,0,25,19,19,60972
99147,138,70.3,11.6,15.9,2.2,0.0,97,16,21,3,0,85,85,61328
99148,1695,62.1,3.8,14.6,0.9,18.6,1052,64,247,15,315,872,872,56339
99149,171,40.9,15.8,23.4,3.5,16.4,69,27,40,5,28,102,102,33571
99150,383,50.1,3.7,11.2,1.6,33.4,191,14,42,6,127,151,151,42841
99151,126,48.4,7.1,23.8,0.0,20.6,60,8,29,0,25,65,65,27083
99152,151,56.3,5.3,21.2,0.0,17.2,85,8,32,0,25,82,82,56406
99153,336,60.1,10.1,13.7,3.6,12.5,201,33,46,12,42,207,207,38563
99154,24,75.0,0.0,8.3,0.0,16.7,18,0,1,0,4,11,11,0
99155,877,28.6,6.4,16.2,2.1,46.8,250,56,142,18,410,428,428,28462
99156,6751,58.9,8.2,12.3,1.1,19.5,3976,553,830,74,1316,3524,3524,49084
99157,594,49.8,6.4,9.3,7.4,27.1,295,38,55,43,160,298,298,26875
99158,513,65.3,5.3,8.6,0.4,20.5,334,27,44,2,105,238,238,51964
99159,1361,57.5,8.8,10.8,0.7,22.2,782,119,146,9,302,686,686,52130
99160,158,70.9,8.9,9.5,0.0,10.8,112,14,15,0,17,94,94,19000
99161,1152,65.9,5.1,11.0,2.9,15.1,759,58,126,33,173,653,653,59926
99163,30284,26.6,1.3,5.4,0.9,65.8,8055,393,1635,272,19926,11628,11628,32721
99164,0,0.0,0.0,0.0,0.0,0.0,0,0,0,0,0,0,0,0
99166,2663,53.1,7.5,13.9,1.2,24.3,1414,199,370,31,647,1382,1382,41512
99167,481,64.7,4.8,14.6,1.0,15.0,311,23,70,4,72,262,262,42500
99169,1973,54.1,7.0,12.8,2.8,23.2,1067,138,252,55,457,1046,1046,44792
99170,820,50.7,10.6,15.9,0.4,22.4,415,86,130,3,183,433,433,43854
99171,829,60.8,7.6,12.4,0.6,18.6,504,63,102,4,154,480,480,47750
99173,1306,56.0,9.6,11.6,0.0,22.7,731,125,151,0,296,596,596,33239
99174,41,65.9,2.4,9.8,2.4,19.5,27,0,4,0,7,21,21,0
99176,158,70.9,1.9,13.9,0.0,13.3,112,3,21,0,21,85,85,63438
99179,409,67.7,4.4,7.3,1.0,19.6,276,17,29,4,80,202,202,83750
99180,953,61.8,3.0,12.6,0.9,21.6,588,28,120,8,205,468,468,42115
99181,1567,59.6,7.3,10.9,0.3,21.9,933,114,170,4,343,736,736,44318
99185,1099,57.1,11.0,9.9,1.7,20.3,627,120,108,18,223,548,548,45833
99201,11827,26.5,3.2,23.2,3.5,43.5,3134,378,2743,413,5144,6545,6545,26685
99202,17310,27.9,6.1,15.1,1.0,49.9,4829,1055,2613,173,8637,7055,7055,34240
99203,17142,59.9,5.4,11.7,0.4,22.7,10268,925,2005,68,3891,9155,9155,73363
99204,5442,32.2,3.3,22.6,1.9,39.9,1752,179,1229,103,2171,3531,3531,32483
99205,34609,41.7,6.1,17.6,2.1,32.5,14431,2111,6091,726,11247,17810,17810,46763
99206,29582,53.5,5.4,13.4,1.0,26.7,15826,1597,3963,295,7898,14872,14872,55632
99207,23336,36.0,5.3,17.6,2.1,39.0,8400,1236,4107,490,9101,12083,12083,35714
99208,42977,52.3,6.2,13.2,1.2,27.1,22476,2664,5672,515,11646,20925,20925,59375
99212,16441,50.9,5.4,14.7,0.5,28.5,8368,887,2416,82,4685,8432,8432,48600
99216,21208,48.8,8.3,14.2,1.9,26.8,10349,1760,3011,402,5683,10911,10911,44139
99217,14324,46.7,6.2,13.4,1.1,32.7,6689,888,1919,157,4683,6790,6790,47844
99218,13484,42.6,7.4,10.9,1.6,37.5,5744,997,1469,215,5056,6003,6003,45735
99223,25000,57.1,5.7,10.9,1.5,24.9,14275,1425,2725,375,6225,13024,13024,64966
99224,16804,58.8,3.5,10.6,1.0,26.0,9880,588,1781,168,4369,8304,8304,60825
99301,55238,50.4,3.5,9.9,2.3,33.9,27839,1933,5468,1270,18725,23066,23066,61029
99320,7668,58.0,5.1,12.2,2.7,22.1,4447,391,935,207,1694,3608,3608,59184
99321,205,33.7,22.4,0.0,0.0,43.9,69,45,0,0,89,76,76,0
99322,150,58.7,12.7,7.3,0.0,21.3,88,19,10,0,31,70,70,61250
99323,3092,60.3,4.0,8.9,0.7,26.1,1864,123,275,21,807,1366,1366,71907
99324,8129,47.1,5.4,14.8,2.1,30.6,3828,438,1203,170,2487,3967,3967,42708
99326,4838,38.0,2.5,14.9,3.4,41.1,1838,120,720,164,1988,1343,1343,56320
99328,3089,52.6,9.3,12.5,1.3,24.4,1624,287,386,40,753,1593,1593,46406
99329,158,48.1,3.8,27.8,0.0,20.3,75,6,43,0,32,87,87,46250
99330,916,55.9,7.0,6.1,1.4,29.6,512,64,55,12,271,360,360,48651
99333,42,61.9,0.0,19.0,0.0,19.0,25,0,7,0,7,22,22,0
99335,230,61.3,3.5,12.2,0.0,23.0,140,8,28,0,52,111,111,51750
99336,38462,44.1,6.7,13.4,2.7,33.2,16961,2576,5153,1038,12769,18408,18408,45263
99337,23871,58.0,7.2,9.8,1.7,23.4,13845,1718,2339,405,5585,10883,10883,71595
99338,11915,67.9,3.4,7.2,0.2,21.3,8090,405,857,23,2537,5371,5371,104630
99341,565,56.6,4.8,17.2,0.4,21.1,319,27,97,2,119,277,277,54306
99343,2192,53.8,0.2,5.0,2.0,39.1,1179,4,109,43,857,749,749,59968
99344,11996,52.4,3.6,7.0,2.2,34.9,6285,431,839,263,4186,4894,4894,49308
99345,118,49.2,2.5,15.3,1.7,31.4,58,2,18,2,37,52,52,56875
99346,398,45.2,10.6,10.8,3.3,30.2,179,42,42,13,120,204,204,61750
99347,1903,64.6,5.9,13.7,1.7,14.0,1229,112,260,32,266,1025,1025,52173
99348,895,54.3,4.2,10.2,3.0,28.3,485,37,91,26,253,428,428,41912
99349,6016,53.1,2.7,6.8,2.7,34.7,3194,162,409,162,2087,2074,2074,53975
99350,10650,54.4,6.1,8.0,1.7,29.8,5793,649,852,181,3173,5009,5009,56713
99352,24248,56.2,5.1,10.8,1.6,26.3,13627,1236,2618,387,6377,12153,12153,73901
99353,11723,60.9,2.4,10.7,1.1,25.0,7139,281,1254,128,2930,5260,5260,86651
99354,18353,51.2,6.3,12.6,0.8,29.1,9396,1156,2312,146,5340,9264,9264,66031
99356,162,60.5,5.6,14.2,0.0,19.8,98,9,23,0,32,72,72,50000
99357,3187,43.3,1.8,4.1,0.7,50.1,1379,57,130,22,1596,941,941,46938
99359,138,55.1,13.0,18.1,2.2,11.6,76,17,24,3,16,89,89,30750
99360,1200,61.8,2.3,7.3,0.3,28.3,741,27,87,3,339,483,483,82344
99361,1516,56.1,7.1,13.3,0.4,23.2,850,107,201,6,351,758,758,60588
99362,34110,46.5,5.4,11.3,2.2,34.6,15861,1841,3854,750,11802,15277,15277,52537
99363,160,70.6,0.0,9.4,0.0,20.0,112,0,15,0,32,64,64,0
99371,349,66.2,10.6,8.0,0.3,14.9,231,36,27,1,52,191,191,57917
99401,211,55.9,21.3,18.0,0.0,4.7,117,44,37,0,9,80,80,61538
99402,1418,63.1,4.4,14.9,0.8,16.8,894,62,211,11,238,693,693,55369
99403,16815,50.4,6.5,17.3,1.9,23.9,8474,1092,2908,319,4018,8488,8488,47023
